
--
-- TOC entry 210 (class 1259 OID 17312)
-- Name: cnae; Type: TABLE; Schema: public; Owner: -
--

CREATE TABLE cnae (
    cod_cnae2009 character varying NOT NULL,
    codintegr character varying(50) NOT NULL,
    titulo_cnae2009 character varying NOT NULL
);


--
-- TOC entry 209 (class 1259 OID 17292)
-- Name: empresas; Type: TABLE; Schema: public; Owner: -
--

CREATE TABLE empresas (
    nif character varying NOT NULL,
    razon_social character varying(128) NOT NULL,
    actividad_ppal character varying NOT NULL,
    web character varying(64),
    ventas bigint,
    municipio character varying(50),
    direccion character varying(128),
    cod_postal integer,
    telefono character varying(50),
    email character varying,
    anyo_constitucion smallint
);


--
-- TOC entry 211 (class 1259 OID 17347)
-- Name: estudiantes; Type: TABLE; Schema: public; Owner: -
--

CREATE TABLE estudiantes (
    id integer NOT NULL,
    nombre character varying(50),
    apellidos character varying(50),
    email character varying(100),
    f_nac date,
    avatar character varying(50),
    curriculo character varying(50)
);


--
-- TOC entry 212 (class 1259 OID 17352)
-- Name: solicitudes; Type: TABLE; Schema: public; Owner: -
--

CREATE TABLE solicitudes (
    empresa character varying(50) NOT NULL,
    estudiante integer NOT NULL,
    fecha_solicitud date,
    fecha_aprobacion date
);


--
-- TOC entry 3329 (class 0 OID 17312)
-- Dependencies: 210
-- Data for Name: cnae; Type: TABLE DATA; Schema: public; Owner: -
--

INSERT INTO cnae VALUES ('A', 'A', 'Agricultura, ganadería, silvicultura y pesca');
INSERT INTO cnae VALUES ('01', 'A01', 'Agricultura, ganadería, caza y servicios relacionados con las mismas');
INSERT INTO cnae VALUES ('011', 'A011', 'Cultivos no perennes');
INSERT INTO cnae VALUES ('0111', 'A0111', 'Cultivo de cereales (excepto arroz), leguminosas y semillas oleaginosas');
INSERT INTO cnae VALUES ('0112', 'A0112', 'Cultivo de arroz');
INSERT INTO cnae VALUES ('0113', 'A0113', 'Cultivo de hortalizas, raíces y tubérculos');
INSERT INTO cnae VALUES ('0114', 'A0114', 'Cultivo de caña de azúcar');
INSERT INTO cnae VALUES ('0115', 'A0115', 'Cultivo de tabaco');
INSERT INTO cnae VALUES ('0116', 'A0116', 'Cultivo de plantas para fibras textiles');
INSERT INTO cnae VALUES ('0119', 'A0119', 'Otros cultivos no perennes');
INSERT INTO cnae VALUES ('012', 'A012', 'Cultivos perennes');
INSERT INTO cnae VALUES ('0121', 'A0121', 'Cultivo de la vid');
INSERT INTO cnae VALUES ('0122', 'A0122', 'Cultivo de frutos tropicales y subtropicales');
INSERT INTO cnae VALUES ('0123', 'A0123', 'Cultivo de cítricos');
INSERT INTO cnae VALUES ('0124', 'A0124', 'Cultivo de frutos con hueso y pepitas');
INSERT INTO cnae VALUES ('0125', 'A0125', 'Cultivo de otros árboles y arbustos frutales y frutos secos');
INSERT INTO cnae VALUES ('0126', 'A0126', 'Cultivo de frutos oleaginosos');
INSERT INTO cnae VALUES ('0127', 'A0127', 'Cultivo de plantas para bebidas');
INSERT INTO cnae VALUES ('0128', 'A0128', 'Cultivo de especias, plantas aromáticas, medicinales y farmacéuticas');
INSERT INTO cnae VALUES ('0129', 'A0129', 'Otros cultivos perennes');
INSERT INTO cnae VALUES ('013', 'A013', 'Propagación de plantas');
INSERT INTO cnae VALUES ('0130', 'A0130', 'Propagación de plantas');
INSERT INTO cnae VALUES ('014', 'A014', 'Producción ganadera');
INSERT INTO cnae VALUES ('0141', 'A0141', 'Explotación de ganado bovino para la producción de leche');
INSERT INTO cnae VALUES ('0142', 'A0142', 'Explotación de otro ganado bovino y búfalos');
INSERT INTO cnae VALUES ('0143', 'A0143', 'Explotación de caballos y otros equinos');
INSERT INTO cnae VALUES ('0144', 'A0144', 'Explotación de camellos y otros camélidos');
INSERT INTO cnae VALUES ('0145', 'A0145', 'Explotación de ganado ovino y caprino');
INSERT INTO cnae VALUES ('0146', 'A0146', 'Explotación de ganado porcino');
INSERT INTO cnae VALUES ('0147', 'A0147', 'Avicultura');
INSERT INTO cnae VALUES ('0149', 'A0149', 'Otras explotaciones de ganado');
INSERT INTO cnae VALUES ('015', 'A015', 'Producción agrícola combinada con la producción ganadera');
INSERT INTO cnae VALUES ('0150', 'A0150', 'Producción agrícola combinada con la producción ganadera');
INSERT INTO cnae VALUES ('016', 'A016', 'Actividades de apoyo a la agricultura, a la ganadería y de preparación posterior a la cosecha');
INSERT INTO cnae VALUES ('0161', 'A0161', 'Actividades de apoyo a la agricultura');
INSERT INTO cnae VALUES ('0162', 'A0162', 'Actividades de apoyo a la ganadería');
INSERT INTO cnae VALUES ('0163', 'A0163', 'Actividades de preparación posterior a la cosecha');
INSERT INTO cnae VALUES ('0164', 'A0164', 'Tratamiento de semillas para reproducción');
INSERT INTO cnae VALUES ('017', 'A017', 'Caza, captura de animales y servicios relacionados con las mismas');
INSERT INTO cnae VALUES ('0170', 'A0170', 'Caza, captura de animales y servicios relacionados con las mismas');
INSERT INTO cnae VALUES ('02', 'A02', 'Silvicultura y explotación forestal');
INSERT INTO cnae VALUES ('021', 'A021', 'Silvicultura y otras actividades forestales');
INSERT INTO cnae VALUES ('0210', 'A0210', 'Silvicultura y otras actividades forestales');
INSERT INTO cnae VALUES ('022', 'A022', 'Explotación de la madera');
INSERT INTO cnae VALUES ('0220', 'A0220', 'Explotación de la madera');
INSERT INTO cnae VALUES ('023', 'A023', 'Recolección de productos silvestres, excepto madera');
INSERT INTO cnae VALUES ('0230', 'A0230', 'Recolección de productos silvestres, excepto madera');
INSERT INTO cnae VALUES ('024', 'A024', 'Servicios de apoyo a la silvicultura');
INSERT INTO cnae VALUES ('0240', 'A0240', 'Servicios de apoyo a la silvicultura');
INSERT INTO cnae VALUES ('03', 'A03', 'Pesca y acuicultura');
INSERT INTO cnae VALUES ('031', 'A031', 'Pesca');
INSERT INTO cnae VALUES ('0311', 'A0311', 'Pesca marina');
INSERT INTO cnae VALUES ('0312', 'A0312', 'Pesca en agua dulce');
INSERT INTO cnae VALUES ('032', 'A032', 'Acuicultura');
INSERT INTO cnae VALUES ('0321', 'A0321', 'Acuicultura marina');
INSERT INTO cnae VALUES ('0322', 'A0322', 'Acuicultura en agua dulce');
INSERT INTO cnae VALUES ('B', 'B', 'Industrias extractivas');
INSERT INTO cnae VALUES ('05', 'B05', 'Extracción de antracita, hulla y lignito');
INSERT INTO cnae VALUES ('051', 'B051', 'Extracción de antracita y hulla');
INSERT INTO cnae VALUES ('0510', 'B0510', 'Extracción de antracita y hulla');
INSERT INTO cnae VALUES ('052', 'B052', 'Extracción de lignito');
INSERT INTO cnae VALUES ('0520', 'B0520', 'Extracción de lignito');
INSERT INTO cnae VALUES ('06', 'B06', 'Extracción de crudo de petróleo y gas natural');
INSERT INTO cnae VALUES ('061', 'B061', 'Extracción de crudo de petróleo');
INSERT INTO cnae VALUES ('0610', 'B0610', 'Extracción de crudo de petróleo');
INSERT INTO cnae VALUES ('062', 'B062', 'Extracción de gas natural');
INSERT INTO cnae VALUES ('0620', 'B0620', 'Extracción de gas natural');
INSERT INTO cnae VALUES ('07', 'B07', 'Extracción de minerales metálicos');
INSERT INTO cnae VALUES ('071', 'B071', 'Extracción de minerales de hierro');
INSERT INTO cnae VALUES ('0710', 'B0710', 'Extracción de minerales de hierro');
INSERT INTO cnae VALUES ('072', 'B072', 'Extracción de minerales metálicos no férreos');
INSERT INTO cnae VALUES ('0721', 'B0721', 'Extracción de minerales de uranio y torio');
INSERT INTO cnae VALUES ('0729', 'B0729', 'Extracción de otros minerales metálicos no férreos');
INSERT INTO cnae VALUES ('08', 'B08', 'Otras industrias extractivas');
INSERT INTO cnae VALUES ('081', 'B081', 'Extracción de piedra, arena y arcilla');
INSERT INTO cnae VALUES ('0811', 'B0811', 'Extracción de piedra ornamental y para la construcción, piedra caliza, yeso, creta y pizarra');
INSERT INTO cnae VALUES ('0812', 'B0812', '"Extracción de gravas y arenas');
INSERT INTO cnae VALUES ('089', 'B089', 'Industrias extractivas n.c.o.p.');
INSERT INTO cnae VALUES ('0891', 'B0891', 'Extracción de minerales para productos químicos y fertilizantes');
INSERT INTO cnae VALUES ('0892', 'B0892', 'Extracción de turba');
INSERT INTO cnae VALUES ('0893', 'B0893', 'Extracción de sal');
INSERT INTO cnae VALUES ('0899', 'B0899', 'Otras industrias extractivas n.c.o.p.');
INSERT INTO cnae VALUES ('09', 'B09', 'Actividades de apoyo a las industrias extractivas');
INSERT INTO cnae VALUES ('091', 'B091', 'Actividades de apoyo a la extracción de petróleo y gas natural');
INSERT INTO cnae VALUES ('0910', 'B0910', 'Actividades de apoyo a la extracción de petróleo y gas natural');
INSERT INTO cnae VALUES ('099', 'B099', 'Actividades de apoyo a otras industrias extractivas');
INSERT INTO cnae VALUES ('0990', 'B0990', 'Actividades de apoyo a otras industrias extractivas');
INSERT INTO cnae VALUES ('C', 'C', 'Industria manufacturera');
INSERT INTO cnae VALUES ('10', 'C10', 'Industria de la alimentación');
INSERT INTO cnae VALUES ('101', 'C101', 'Procesado y conservación de carne y elaboración de productos cárnicos');
INSERT INTO cnae VALUES ('1011', 'C1011', 'Procesado y conservación de carne');
INSERT INTO cnae VALUES ('1012', 'C1012', 'Procesado y conservación de volatería');
INSERT INTO cnae VALUES ('1013', 'C1013', 'Elaboración de productos cárnicos y de volatería');
INSERT INTO cnae VALUES ('102', 'C102', 'Procesado y conservación de pescados, crustáceos y moluscos');
INSERT INTO cnae VALUES ('1021', 'C1021', 'Procesado de pescados, crustáceos y moluscos');
INSERT INTO cnae VALUES ('1022', 'C1022', 'Fabricación de conservas de pescado');
INSERT INTO cnae VALUES ('103', 'C103', 'Procesado y conservación de frutas y hortalizas');
INSERT INTO cnae VALUES ('1031', 'C1031', 'Procesado y conservación de patatas');
INSERT INTO cnae VALUES ('1032', 'C1032', 'Elaboración de zumos de frutas y hortalizas');
INSERT INTO cnae VALUES ('1039', 'C1039', 'Otro procesado y conservación de frutas y hortalizas');
INSERT INTO cnae VALUES ('8423', 'O8423', 'Justicia');
INSERT INTO cnae VALUES ('104', 'C104', 'Fabricación de aceites y grasas vegetales y animales');
INSERT INTO cnae VALUES ('1042', 'C1042', 'Fabricación de margarina y grasas comestibles similares');
INSERT INTO cnae VALUES ('1043', 'C1043', 'Fabricación de aceite de oliva');
INSERT INTO cnae VALUES ('1044', 'C1044', 'Fabricación de otros aceites y grasas');
INSERT INTO cnae VALUES ('105', 'C105', 'Fabricación de productos lácteos');
INSERT INTO cnae VALUES ('1052', 'C1052', 'Elaboración de helados');
INSERT INTO cnae VALUES ('1053', 'C1053', 'Fabricación de quesos');
INSERT INTO cnae VALUES ('1054', 'C1054', 'Preparación de leche y otros productos lácteos');
INSERT INTO cnae VALUES ('106', 'C106', 'Fabricación de productos de molinería, almidones y productos amiláceos');
INSERT INTO cnae VALUES ('1061', 'C1061', 'Fabricación de productos de molinería');
INSERT INTO cnae VALUES ('1062', 'C1062', 'Fabricación de almidones y productos amiláceos');
INSERT INTO cnae VALUES ('107', 'C107', 'Fabricación de productos de panadería y pastas alimenticias');
INSERT INTO cnae VALUES ('1071', 'C1071', 'Fabricación de pan y de productos frescos de panadería y pastelería');
INSERT INTO cnae VALUES ('1072', 'C1072', 'Fabricación de galletas y productos de panadería y pastelería de larga duración');
INSERT INTO cnae VALUES ('1073', 'C1073', 'Fabricación de pastas alimenticias, cuscús y productos similares');
INSERT INTO cnae VALUES ('108', 'C108', 'Fabricación de otros productos alimenticios');
INSERT INTO cnae VALUES ('1081', 'C1081', 'Fabricación de azúcar');
INSERT INTO cnae VALUES ('1082', 'C1082', 'Fabricación de cacao, chocolate y productos de confitería');
INSERT INTO cnae VALUES ('1083', 'C1083', 'Elaboración de café, té e infusiones');
INSERT INTO cnae VALUES ('1084', 'C1084', 'Elaboración de especias, salsas y condimentos');
INSERT INTO cnae VALUES ('1085', 'C1085', 'Elaboración de platos y comidas preparados');
INSERT INTO cnae VALUES ('1086', 'C1086', 'Elaboración de preparados alimenticios homogeneizados y alimentos dietéticos');
INSERT INTO cnae VALUES ('1089', 'C1089', 'Elaboración de otros productos alimenticios n.c.o.p.');
INSERT INTO cnae VALUES ('109', 'C109', 'Fabricación de productos para la alimentación animal');
INSERT INTO cnae VALUES ('1091', 'C1091', 'Fabricación de productos para la alimentación de animales de granja');
INSERT INTO cnae VALUES ('1092', 'C1092', 'Fabricación de productos para la alimentación de animales de compañía');
INSERT INTO cnae VALUES ('11', 'C11', 'Fabricación de bebidas');
INSERT INTO cnae VALUES ('110', 'C110', 'Fabricación de bebidas');
INSERT INTO cnae VALUES ('1101', 'C1101', 'Destilación, rectificación y mezcla de bebidas alcohólicas');
INSERT INTO cnae VALUES ('1102', 'C1102', 'Elaboración de vinos');
INSERT INTO cnae VALUES ('1103', 'C1103', 'Elaboración de sidra y otras bebidas fermentadas a partir de frutas');
INSERT INTO cnae VALUES ('1104', 'C1104', 'Elaboración de otras bebidas no destiladas, procedentes de la fermentación');
INSERT INTO cnae VALUES ('1105', 'C1105', 'Fabricación de cerveza');
INSERT INTO cnae VALUES ('1106', 'C1106', 'Fabricación de malta');
INSERT INTO cnae VALUES ('1107', 'C1107', '"Fabricación de bebidas no alcohólicas');
INSERT INTO cnae VALUES ('12', 'C12', 'Industria del tabaco');
INSERT INTO cnae VALUES ('120', 'C120', 'Industria del tabaco');
INSERT INTO cnae VALUES ('1200', 'C1200', 'Industria del tabaco');
INSERT INTO cnae VALUES ('13', 'C13', 'Industria textil');
INSERT INTO cnae VALUES ('131', 'C131', 'Preparación e hilado de fibras textiles');
INSERT INTO cnae VALUES ('1310', 'C1310', 'Preparación e hilado de fibras textiles');
INSERT INTO cnae VALUES ('132', 'C132', 'Fabricación de tejidos textiles');
INSERT INTO cnae VALUES ('1320', 'C1320', 'Fabricación de tejidos textiles');
INSERT INTO cnae VALUES ('133', 'C133', 'Acabado de textiles');
INSERT INTO cnae VALUES ('1330', 'C1330', 'Acabado de textiles');
INSERT INTO cnae VALUES ('139', 'C139', 'Fabricación de otros productos textiles');
INSERT INTO cnae VALUES ('1391', 'C1391', 'Fabricación de tejidos de punto');
INSERT INTO cnae VALUES ('1392', 'C1392', 'Fabricación de artículos confeccionados con textiles, excepto prendas de vestir');
INSERT INTO cnae VALUES ('1393', 'C1393', 'Fabricación de alfombras y moquetas');
INSERT INTO cnae VALUES ('1394', 'C1394', 'Fabricación de cuerdas, cordeles, bramantes y redes');
INSERT INTO cnae VALUES ('1395', 'C1395', 'Fabricación de telas no tejidas y artículos confeccionados con ellas, excepto prendas de vestir');
INSERT INTO cnae VALUES ('1396', 'C1396', 'Fabricación de otros productos textiles de uso técnico e industrial');
INSERT INTO cnae VALUES ('1399', 'C1399', 'Fabricación de otros productos textiles n.c.o.p.');
INSERT INTO cnae VALUES ('14', 'C14', 'Confección de prendas de vestir');
INSERT INTO cnae VALUES ('141', 'C141', 'Confección de prendas de vestir, excepto de peletería');
INSERT INTO cnae VALUES ('1411', 'C1411', 'Confección de prendas de vestir de cuero');
INSERT INTO cnae VALUES ('1412', 'C1412', 'Confección de ropa de trabajo');
INSERT INTO cnae VALUES ('1413', 'C1413', 'Confección de otras prendas de vestir exteriores');
INSERT INTO cnae VALUES ('1414', 'C1414', 'Confección de ropa interior');
INSERT INTO cnae VALUES ('1419', 'C1419', 'Confección de otras prendas de vestir y accesorios');
INSERT INTO cnae VALUES ('142', 'C142', 'Fabricación de artículos de peletería');
INSERT INTO cnae VALUES ('1420', 'C1420', 'Fabricación de artículos de peletería');
INSERT INTO cnae VALUES ('143', 'C143', 'Confección de prendas de vestir de punto');
INSERT INTO cnae VALUES ('1431', 'C1431', 'Confección de calcetería');
INSERT INTO cnae VALUES ('1439', 'C1439', 'Confección de otras prendas de vestir de punto');
INSERT INTO cnae VALUES ('15', 'C15', 'Industria del cuero y del calzado');
INSERT INTO cnae VALUES ('151', 'C151', '"Preparación, curtido y acabado del cuero');
INSERT INTO cnae VALUES ('1511', 'C1511', '"Preparación, curtido y acabado del cuero');
INSERT INTO cnae VALUES ('1512', 'C1512', 'Fabricación de artículos de marroquinería, viaje y de guarnicionería y talabartería');
INSERT INTO cnae VALUES ('152', 'C152', 'Fabricación de calzado');
INSERT INTO cnae VALUES ('1520', 'C1520', 'Fabricación de calzado');
INSERT INTO cnae VALUES ('16', 'C16', '"Industria de la madera y del corcho, excepto muebles');
INSERT INTO cnae VALUES ('161', 'C161', 'Aserrado y cepillado de la madera');
INSERT INTO cnae VALUES ('1610', 'C1610', 'Aserrado y cepillado de la madera');
INSERT INTO cnae VALUES ('162', 'C162', 'Fabricación de productos de madera, corcho, cestería y espartería');
INSERT INTO cnae VALUES ('1621', 'C1621', 'Fabricación de chapas y tableros de madera');
INSERT INTO cnae VALUES ('1622', 'C1622', 'Fabricación de suelos de madera ensamblados');
INSERT INTO cnae VALUES ('1623', 'C1623', 'Fabricación de otras estructuras de madera y piezas de carpintería y ebanistería para la construcción');
INSERT INTO cnae VALUES ('1624', 'C1624', 'Fabricación de envases y embalajes de madera');
INSERT INTO cnae VALUES ('1629', 'C1629', '"Fabricación de otros productos de madera');
INSERT INTO cnae VALUES ('17', 'C17', 'Industria del papel');
INSERT INTO cnae VALUES ('171', 'C171', 'Fabricación de pasta papelera, papel y cartón');
INSERT INTO cnae VALUES ('1711', 'C1711', 'Fabricación de pasta papelera');
INSERT INTO cnae VALUES ('1712', 'C1712', 'Fabricación de papel y cartón');
INSERT INTO cnae VALUES ('172', 'C172', 'Fabricación de artículos de papel y de cartón');
INSERT INTO cnae VALUES ('1721', 'C1721', '"Fabricación de papel y cartón ondulados');
INSERT INTO cnae VALUES ('1722', 'C1722', 'Fabricación de artículos de papel y cartón para uso doméstico, sanitario e higiénico');
INSERT INTO cnae VALUES ('1723', 'C1723', 'Fabricación de artículos de papelería');
INSERT INTO cnae VALUES ('1724', 'C1724', 'Fabricación de papeles pintados');
INSERT INTO cnae VALUES ('1729', 'C1729', 'Fabricación de otros artículos de papel y cartón');
INSERT INTO cnae VALUES ('18', 'C18', 'Artes gráficas y reproducción de soportes grabados');
INSERT INTO cnae VALUES ('181', 'C181', 'Artes gráficas y servicios relacionados con las mismas');
INSERT INTO cnae VALUES ('8424', 'O8424', 'Orden público y seguridad');
INSERT INTO cnae VALUES ('1811', 'C1811', 'Artes gráficas y servicios relacionados con las mismas');
INSERT INTO cnae VALUES ('1812', 'C1812', 'Otras actividades de impresión y artes gráficas');
INSERT INTO cnae VALUES ('1813', 'C1813', 'Servicios de preimpresión y preparación de soportes');
INSERT INTO cnae VALUES ('1814', 'C1814', 'Encuadernación y servicios relacionados con la misma');
INSERT INTO cnae VALUES ('182', 'C182', 'Reproducción de soportes grabados');
INSERT INTO cnae VALUES ('1820', 'C1820', 'Reproducción de soportes grabados');
INSERT INTO cnae VALUES ('19', 'C19', 'Coquerías y refino de petróleo');
INSERT INTO cnae VALUES ('191', 'C191', 'Coquerías');
INSERT INTO cnae VALUES ('1910', 'C1910', 'Coquerías');
INSERT INTO cnae VALUES ('192', 'C192', 'Refino de petróleo');
INSERT INTO cnae VALUES ('1920', 'C1920', 'Refino de petróleo');
INSERT INTO cnae VALUES ('20', 'C20', 'Industria química');
INSERT INTO cnae VALUES ('201', 'C201', 'Fabricación de productos químicos básicos, compuestos nitrogenados, fertilizantes, plásticos y caucho sintético en formas primarias');
INSERT INTO cnae VALUES ('2011', 'C2011', 'Fabricación de gases industriales');
INSERT INTO cnae VALUES ('2012', 'C2012', 'Fabricación de colorantes y pigmentos');
INSERT INTO cnae VALUES ('2013', 'C2013', 'Fabricación de otros productos básicos de química inorgánica');
INSERT INTO cnae VALUES ('2014', 'C2014', 'Fabricación de otros productos básicos de química orgánica');
INSERT INTO cnae VALUES ('2015', 'C2015', 'Fabricación de fertilizantes y compuestos nitrogenados');
INSERT INTO cnae VALUES ('2016', 'C2016', 'Fabricación de plásticos en formas primarias');
INSERT INTO cnae VALUES ('2017', 'C2017', 'Fabricación de caucho sintético en formas primarias');
INSERT INTO cnae VALUES ('202', 'C202', 'Fabricación de pesticidas y otros productos agroquímicos');
INSERT INTO cnae VALUES ('2020', 'C2020', 'Fabricación de pesticidas y otros productos agroquímicos');
INSERT INTO cnae VALUES ('203', 'C203', '"Fabricación de pinturas, barnices y revestimientos similares');
INSERT INTO cnae VALUES ('2030', 'C2030', '"Fabricación de pinturas, barnices y revestimientos similares');
INSERT INTO cnae VALUES ('204', 'C204', '"Fabricación de jabones, detergentes y otros artículos de limpieza y abrillantamiento');
INSERT INTO cnae VALUES ('2041', 'C2041', 'Fabricación de jabones, detergentes y otros artículos de limpieza y abrillantamiento');
INSERT INTO cnae VALUES ('2042', 'C2042', 'Fabricación de perfumes y cosméticos');
INSERT INTO cnae VALUES ('205', 'C205', 'Fabricación de otros productos químicos');
INSERT INTO cnae VALUES ('2051', 'C2051', 'Fabricación de explosivos');
INSERT INTO cnae VALUES ('2052', 'C2052', 'Fabricación de colas');
INSERT INTO cnae VALUES ('2053', 'C2053', 'Fabricación de aceites esenciales');
INSERT INTO cnae VALUES ('2059', 'C2059', 'Fabricación de otros productos químicos n.c.o.p.');
INSERT INTO cnae VALUES ('206', 'C206', 'Fabricación de fibras artificiales y sintéticas');
INSERT INTO cnae VALUES ('2060', 'C2060', 'Fabricación de fibras artificiales y sintéticas');
INSERT INTO cnae VALUES ('21', 'C21', 'Fabricación de productos farmacéuticos');
INSERT INTO cnae VALUES ('211', 'C211', 'Fabricación de productos farmacéuticos de base');
INSERT INTO cnae VALUES ('2110', 'C2110', 'Fabricación de productos farmacéuticos de base');
INSERT INTO cnae VALUES ('212', 'C212', 'Fabricación de especialidades farmacéuticas');
INSERT INTO cnae VALUES ('2120', 'C2120', 'Fabricación de especialidades farmacéuticas');
INSERT INTO cnae VALUES ('22', 'C22', 'Fabricación de productos de caucho y plásticos');
INSERT INTO cnae VALUES ('221', 'C221', 'Fabricación de productos de caucho');
INSERT INTO cnae VALUES ('2211', 'C2211', '"Fabricación de neumáticos y cámaras de caucho');
INSERT INTO cnae VALUES ('2219', 'C2219', 'Fabricación de otros productos de caucho');
INSERT INTO cnae VALUES ('222', 'C222', 'Fabricación de productos de plástico');
INSERT INTO cnae VALUES ('2221', 'C2221', 'Fabricación de placas, hojas, tubos y perfiles de plástico');
INSERT INTO cnae VALUES ('2222', 'C2222', 'Fabricación de envases y embalajes de plástico');
INSERT INTO cnae VALUES ('2223', 'C2223', 'Fabricación de productos de plástico para la construcción');
INSERT INTO cnae VALUES ('2229', 'C2229', 'Fabricación de otros productos de plástico');
INSERT INTO cnae VALUES ('23', 'C23', 'Fabricación de otros productos minerales no metálicos');
INSERT INTO cnae VALUES ('231', 'C231', 'Fabricación de vidrio y productos de vidrio');
INSERT INTO cnae VALUES ('2311', 'C2311', 'Fabricación de vidrio plano');
INSERT INTO cnae VALUES ('2312', 'C2312', 'Manipulado y transformación de vidrio plano');
INSERT INTO cnae VALUES ('2313', 'C2313', 'Fabricación de vidrio hueco');
INSERT INTO cnae VALUES ('2314', 'C2314', 'Fabricación de fibra de vidrio');
INSERT INTO cnae VALUES ('2319', 'C2319', 'Fabricación y manipulado de otro vidrio, incluido el vidrio técnico');
INSERT INTO cnae VALUES ('232', 'C232', 'Fabricación de productos cerámicos refractarios');
INSERT INTO cnae VALUES ('2320', 'C2320', 'Fabricación de productos cerámicos refractarios');
INSERT INTO cnae VALUES ('233', 'C233', 'Fabricación de productos cerámicos para la construcción');
INSERT INTO cnae VALUES ('2331', 'C2331', 'Fabricación de azulejos y baldosas de cerámica');
INSERT INTO cnae VALUES ('2332', 'C2332', 'Fabricación de ladrillos, tejas y productos de tierras cocidas para la construcción');
INSERT INTO cnae VALUES ('234', 'C234', 'Fabricación de otros productos cerámicos');
INSERT INTO cnae VALUES ('2341', 'C2341', 'Fabricación de artículos cerámicos de uso doméstico y ornamental');
INSERT INTO cnae VALUES ('2342', 'C2342', 'Fabricación de aparatos sanitarios cerámicos');
INSERT INTO cnae VALUES ('2343', 'C2343', 'Fabricación de aisladores y piezas aislantes de material cerámico');
INSERT INTO cnae VALUES ('2344', 'C2344', 'Fabricación de otros productos cerámicos de uso técnico');
INSERT INTO cnae VALUES ('2349', 'C2349', 'Fabricación de otros productos cerámicos');
INSERT INTO cnae VALUES ('235', 'C235', 'Fabricación de cemento, cal y yeso');
INSERT INTO cnae VALUES ('2351', 'C2351', 'Fabricación de cemento');
INSERT INTO cnae VALUES ('2352', 'C2352', 'Fabricación de cal y yeso');
INSERT INTO cnae VALUES ('236', 'C236', 'Fabricación de elementos de hormigón, cemento y yeso');
INSERT INTO cnae VALUES ('2361', 'C2361', 'Fabricación de elementos de hormigón para la construcción');
INSERT INTO cnae VALUES ('2362', 'C2362', 'Fabricación de elementos de yeso para la construcción');
INSERT INTO cnae VALUES ('2363', 'C2363', 'Fabricación de hormigón fresco');
INSERT INTO cnae VALUES ('2364', 'C2364', 'Fabricación de mortero');
INSERT INTO cnae VALUES ('2365', 'C2365', 'Fabricación de fibrocemento');
INSERT INTO cnae VALUES ('2369', 'C2369', 'Fabricación de otros productos de hormigón, yeso y cemento');
INSERT INTO cnae VALUES ('237', 'C237', 'Corte, tallado y acabado de la piedra');
INSERT INTO cnae VALUES ('2370', 'C2370', 'Corte, tallado y acabado de la piedra');
INSERT INTO cnae VALUES ('239', 'C239', 'Fabricación de productos abrasivos y productos minerales no metálicos n.c.o.p.');
INSERT INTO cnae VALUES ('2391', 'C2391', 'Fabricación de productos abrasivos');
INSERT INTO cnae VALUES ('2399', 'C2399', 'Fabricación de otros productos minerales no metálicos n.c.o.p.');
INSERT INTO cnae VALUES ('24', 'C24', '"Metalurgia');
INSERT INTO cnae VALUES ('241', 'C241', 'Fabricación de productos básicos de hierro, acero y ferroaleaciones');
INSERT INTO cnae VALUES ('2410', 'C2410', 'Fabricación de productos básicos de hierro, acero y ferroaleaciones');
INSERT INTO cnae VALUES ('242', 'C242', 'Fabricación de tubos, tuberías, perfiles huecos y sus accesorios, de acero');
INSERT INTO cnae VALUES ('2420', 'C2420', 'Fabricación de tubos, tuberías, perfiles huecos y sus accesorios, de acero');
INSERT INTO cnae VALUES ('243', 'C243', 'Fabricación de otros productos de primera transformación del acero');
INSERT INTO cnae VALUES ('2431', 'C2431', 'Estirado en frío');
INSERT INTO cnae VALUES ('2432', 'C2432', 'Laminación en frío');
INSERT INTO cnae VALUES ('2433', 'C2433', 'Producción de perfiles en frío por conformación con plegado');
INSERT INTO cnae VALUES ('2434', 'C2434', 'Trefilado en frío');
INSERT INTO cnae VALUES ('244', 'C244', 'Producción de metales preciosos y de otros metales no férreos');
INSERT INTO cnae VALUES ('2441', 'C2441', 'Producción de metales preciosos');
INSERT INTO cnae VALUES ('2442', 'C2442', 'Producción de aluminio');
INSERT INTO cnae VALUES ('2443', 'C2443', 'Producción de plomo, zinc y estaño');
INSERT INTO cnae VALUES ('2444', 'C2444', 'Producción de cobre');
INSERT INTO cnae VALUES ('2445', 'C2445', 'Producción de otros metales no férreos');
INSERT INTO cnae VALUES ('2446', 'C2446', 'Procesamiento de combustibles nucleares');
INSERT INTO cnae VALUES ('245', 'C245', 'Fundición de metales');
INSERT INTO cnae VALUES ('2451', 'C2451', 'Fundición de hierro');
INSERT INTO cnae VALUES ('2452', 'C2452', 'Fundición de acero');
INSERT INTO cnae VALUES ('2453', 'C2453', 'Fundición de metales ligeros');
INSERT INTO cnae VALUES ('2454', 'C2454', 'Fundición de otros metales no férreos');
INSERT INTO cnae VALUES ('25', 'C25', 'Fabricación de productos metálicos, excepto maquinaria y equipo');
INSERT INTO cnae VALUES ('251', 'C251', 'Fabricación de elementos metálicos para la construcción');
INSERT INTO cnae VALUES ('2511', 'C2511', 'Fabricación de estructuras metálicas y sus componentes');
INSERT INTO cnae VALUES ('2512', 'C2512', 'Fabricación de carpintería metálica');
INSERT INTO cnae VALUES ('252', 'C252', 'Fabricación de cisternas, grandes depósitos y contenedores de metal');
INSERT INTO cnae VALUES ('2521', 'C2521', 'Fabricación de radiadores y calderas para calefacción central');
INSERT INTO cnae VALUES ('2529', 'C2529', 'Fabricación de otras cisternas, grandes depósitos y contenedores de metal');
INSERT INTO cnae VALUES ('253', 'C253', 'Fabricación de generadores de vapor, excepto calderas de calefacción central');
INSERT INTO cnae VALUES ('2530', 'C2530', 'Fabricación de generadores de vapor, excepto calderas de calefacción central');
INSERT INTO cnae VALUES ('254', 'C254', 'Fabricación de armas y municiones');
INSERT INTO cnae VALUES ('2540', 'C2540', 'Fabricación de armas y municiones');
INSERT INTO cnae VALUES ('255', 'C255', '"Forja, estampación y embutición de metales');
INSERT INTO cnae VALUES ('2550', 'C2550', '"Forja, estampación y embutición de metales');
INSERT INTO cnae VALUES ('256', 'C256', '"Tratamiento y revestimiento de metales');
INSERT INTO cnae VALUES ('2561', 'C2561', 'Tratamiento y revestimiento de metales');
INSERT INTO cnae VALUES ('2562', 'C2562', 'Ingeniería mecánica por cuenta de terceros');
INSERT INTO cnae VALUES ('257', 'C257', 'Fabricación de artículos de cuchillería y cubertería, herramientas y ferretería');
INSERT INTO cnae VALUES ('2571', 'C2571', 'Fabricación de artículos de cuchillería y cubertería');
INSERT INTO cnae VALUES ('2572', 'C2572', 'Fabricación de cerraduras y herrajes');
INSERT INTO cnae VALUES ('2573', 'C2573', 'Fabricación de herramientas');
INSERT INTO cnae VALUES ('259', 'C259', 'Fabricación de otros productos metálicos');
INSERT INTO cnae VALUES ('2591', 'C2591', 'Fabricación de bidones y toneles de hierro o acero');
INSERT INTO cnae VALUES ('2592', 'C2592', 'Fabricación de envases y embalajes metálicos ligeros');
INSERT INTO cnae VALUES ('2593', 'C2593', 'Fabricación de productos de alambre, cadenas y muelles');
INSERT INTO cnae VALUES ('2594', 'C2594', 'Fabricación de pernos y productos de tornillería');
INSERT INTO cnae VALUES ('2599', 'C2599', 'Fabricación de otros productos metálicos n.c.o.p.');
INSERT INTO cnae VALUES ('26', 'C26', 'Fabricación de productos informáticos, electrónicos y ópticos');
INSERT INTO cnae VALUES ('261', 'C261', 'Fabricación de componentes electrónicos y circuitos impresos ensamblados');
INSERT INTO cnae VALUES ('2611', 'C2611', 'Fabricación de componentes electrónicos');
INSERT INTO cnae VALUES ('2612', 'C2612', 'Fabricación de circuitos impresos ensamblados');
INSERT INTO cnae VALUES ('262', 'C262', 'Fabricación de ordenadores y equipos periféricos');
INSERT INTO cnae VALUES ('2620', 'C2620', 'Fabricación de ordenadores y equipos periféricos');
INSERT INTO cnae VALUES ('263', 'C263', 'Fabricación de equipos de telecomunicaciones');
INSERT INTO cnae VALUES ('2630', 'C2630', 'Fabricación de equipos de telecomunicaciones');
INSERT INTO cnae VALUES ('264', 'C264', 'Fabricación de productos electrónicos de consumo');
INSERT INTO cnae VALUES ('2640', 'C2640', 'Fabricación de productos electrónicos de consumo');
INSERT INTO cnae VALUES ('265', 'C265', '"Fabricación de instrumentos y aparatos de medida, verificación y navegación');
INSERT INTO cnae VALUES ('2651', 'C2651', 'Fabricación de instrumentos y aparatos de medida, verificación y navegación');
INSERT INTO cnae VALUES ('2652', 'C2652', 'Fabricación de relojes');
INSERT INTO cnae VALUES ('266', 'C266', 'Fabricación de equipos de radiación, electromédicos y electroterapéuticos');
INSERT INTO cnae VALUES ('2660', 'C2660', 'Fabricación de equipos de radiación, electromédicos y electroterapéuticos');
INSERT INTO cnae VALUES ('267', 'C267', 'Fabricación de instrumentos de óptica y equipo fotográfico');
INSERT INTO cnae VALUES ('2670', 'C2670', 'Fabricación de instrumentos de óptica y equipo fotográfico');
INSERT INTO cnae VALUES ('268', 'C268', 'Fabricación de soportes magnéticos y ópticos');
INSERT INTO cnae VALUES ('2680', 'C2680', 'Fabricación de soportes magnéticos y ópticos');
INSERT INTO cnae VALUES ('27', 'C27', 'Fabricación de material y equipo eléctrico');
INSERT INTO cnae VALUES ('271', 'C271', 'Fabricación de motores, generadores y transformadores eléctricos, y de aparatos de distribución y control eléctrico');
INSERT INTO cnae VALUES ('2711', 'C2711', 'Fabricación de motores, generadores y transformadores eléctricos');
INSERT INTO cnae VALUES ('2712', 'C2712', 'Fabricación de aparatos de distribución y control eléctrico');
INSERT INTO cnae VALUES ('272', 'C272', 'Fabricación de pilas y acumuladores eléctricos');
INSERT INTO cnae VALUES ('2720', 'C2720', 'Fabricación de pilas y acumuladores eléctricos');
INSERT INTO cnae VALUES ('273', 'C273', 'Fabricación de cables y dispositivos de cableado');
INSERT INTO cnae VALUES ('2731', 'C2731', 'Fabricación de cables de fibra óptica');
INSERT INTO cnae VALUES ('2732', 'C2732', 'Fabricación de otros hilos y cables electrónicos y eléctricos');
INSERT INTO cnae VALUES ('2733', 'C2733', 'Fabricación de dispositivos de cableado');
INSERT INTO cnae VALUES ('274', 'C274', 'Fabricación de lámparas y aparatos eléctricos de iluminación');
INSERT INTO cnae VALUES ('2740', 'C2740', 'Fabricación de lámparas y aparatos eléctricos de iluminación');
INSERT INTO cnae VALUES ('275', 'C275', 'Fabricación de aparatos domésticos');
INSERT INTO cnae VALUES ('2751', 'C2751', 'Fabricación de electrodomésticos');
INSERT INTO cnae VALUES ('2752', 'C2752', 'Fabricación de aparatos domésticos no eléctricos');
INSERT INTO cnae VALUES ('279', 'C279', 'Fabricación de otro material y equipo eléctrico');
INSERT INTO cnae VALUES ('2790', 'C2790', 'Fabricación de otro material y equipo eléctrico');
INSERT INTO cnae VALUES ('28', 'C28', 'Fabricación de maquinaria y equipo n.c.o.p.');
INSERT INTO cnae VALUES ('281', 'C281', 'Fabricación de maquinaria de uso general');
INSERT INTO cnae VALUES ('2811', 'C2811', 'Fabricación de motores y turbinas, excepto los destinados a aeronaves, vehículos automóviles y ciclomotores');
INSERT INTO cnae VALUES ('2812', 'C2812', 'Fabricación de equipos de transmisión hidráulica y neumática');
INSERT INTO cnae VALUES ('2813', 'C2813', 'Fabricación de otras bombas y compresores');
INSERT INTO cnae VALUES ('2814', 'C2814', 'Fabricación de otra grifería y válvulas');
INSERT INTO cnae VALUES ('2815', 'C2815', 'Fabricación de cojinetes, engranajes y órganos mecánicos de transmisión');
INSERT INTO cnae VALUES ('282', 'C282', 'Fabricación de otra maquinaria de uso general');
INSERT INTO cnae VALUES ('2821', 'C2821', 'Fabricación de hornos y quemadores');
INSERT INTO cnae VALUES ('2822', 'C2822', 'Fabricación de maquinaria de elevación y manipulación');
INSERT INTO cnae VALUES ('2823', 'C2823', 'Fabricación de máquinas y equipos de oficina, excepto equipos informáticos');
INSERT INTO cnae VALUES ('2824', 'C2824', 'Fabricación de herramientas eléctricas manuales');
INSERT INTO cnae VALUES ('2825', 'C2825', 'Fabricación de maquinaria de ventilación y refrigeración no doméstica');
INSERT INTO cnae VALUES ('2829', 'C2829', 'Fabricación de otra maquinaria de uso general n.c.o.p.');
INSERT INTO cnae VALUES ('283', 'C283', 'Fabricación de maquinaria agraria y forestal');
INSERT INTO cnae VALUES ('2830', 'C2830', 'Fabricación de maquinaria agraria y forestal');
INSERT INTO cnae VALUES ('284', 'C284', 'Fabricación de máquinas herramienta para trabajar el metal y otras máquinas herramienta');
INSERT INTO cnae VALUES ('2841', 'C2841', 'Fabricación de máquinas herramienta para trabajar el metal');
INSERT INTO cnae VALUES ('2849', 'C2849', 'Fabricación de otras máquinas herramienta');
INSERT INTO cnae VALUES ('289', 'C289', 'Fabricación de otra maquinaria para usos específicos');
INSERT INTO cnae VALUES ('2891', 'C2891', 'Fabricación de maquinaria para la industria metalúrgica');
INSERT INTO cnae VALUES ('2892', 'C2892', 'Fabricación de maquinaria para las industrias extractivas y de la construcción');
INSERT INTO cnae VALUES ('2893', 'C2893', 'Fabricación de maquinaria para la industria de la alimentación, bebidas y tabaco');
INSERT INTO cnae VALUES ('2894', 'C2894', 'Fabricación de maquinaria para las industrias textil, de la confección y del cuero');
INSERT INTO cnae VALUES ('2895', 'C2895', 'Fabricación de maquinaria para la industria del papel y del cartón');
INSERT INTO cnae VALUES ('2896', 'C2896', 'Fabricación de maquinaria para la industria del plástico y el caucho');
INSERT INTO cnae VALUES ('2899', 'C2899', 'Fabricación de otra maquinaria para usos específicos n.c.o.p.');
INSERT INTO cnae VALUES ('29', 'C29', 'Fabricación de vehículos de motor, remolques y semirremolques');
INSERT INTO cnae VALUES ('291', 'C291', 'Fabricación de vehículos de motor');
INSERT INTO cnae VALUES ('2910', 'C2910', 'Fabricación de vehículos de motor');
INSERT INTO cnae VALUES ('292', 'C292', '"Fabricación de carrocerías para vehículos de motor');
INSERT INTO cnae VALUES ('2920', 'C2920', '"Fabricación de carrocerías para vehículos de motor');
INSERT INTO cnae VALUES ('293', 'C293', 'Fabricación de componentes, piezas y accesorios para vehículos de motor');
INSERT INTO cnae VALUES ('2931', 'C2931', 'Fabricación de equipos eléctricos y electrónicos para vehículos de motor');
INSERT INTO cnae VALUES ('2932', 'C2932', 'Fabricación de otros componentes, piezas y accesorios para vehículos de motor');
INSERT INTO cnae VALUES ('30', 'C30', 'Fabricación de otro material de transporte');
INSERT INTO cnae VALUES ('301', 'C301', 'Construcción naval');
INSERT INTO cnae VALUES ('3011', 'C3011', 'Construcción de barcos y estructuras flotantes');
INSERT INTO cnae VALUES ('3012', 'C3012', 'Construcción de embarcaciones de recreo y deporte');
INSERT INTO cnae VALUES ('302', 'C302', 'Fabricación de locomotoras y material ferroviario');
INSERT INTO cnae VALUES ('3020', 'C3020', 'Fabricación de locomotoras y material ferroviario');
INSERT INTO cnae VALUES ('303', 'C303', 'Construcción aeronáutica y espacial y su maquinaria');
INSERT INTO cnae VALUES ('3030', 'C3030', 'Construcción aeronáutica y espacial y su maquinaria');
INSERT INTO cnae VALUES ('304', 'C304', 'Fabricación de vehículos militares de combate');
INSERT INTO cnae VALUES ('3040', 'C3040', 'Fabricación de vehículos militares de combate');
INSERT INTO cnae VALUES ('309', 'C309', 'Fabricación de otro material de transporte n.c.o.p.');
INSERT INTO cnae VALUES ('3091', 'C3091', 'Fabricación de motocicletas');
INSERT INTO cnae VALUES ('3092', 'C3092', 'Fabricación de bicicletas y de vehículos para personas con discapacidad');
INSERT INTO cnae VALUES ('3099', 'C3099', 'Fabricación de otro material de transporte n.c.o.p.');
INSERT INTO cnae VALUES ('31', 'C31', 'Fabricación de muebles');
INSERT INTO cnae VALUES ('310', 'C310', 'Fabricación de muebles');
INSERT INTO cnae VALUES ('3101', 'C3101', 'Fabricación de muebles de oficina y de establecimientos comerciales');
INSERT INTO cnae VALUES ('3102', 'C3102', 'Fabricación de muebles de cocina');
INSERT INTO cnae VALUES ('3103', 'C3103', 'Fabricación de colchones');
INSERT INTO cnae VALUES ('3109', 'C3109', 'Fabricación de otros muebles');
INSERT INTO cnae VALUES ('32', 'C32', 'Otras industrias manufactureras');
INSERT INTO cnae VALUES ('321', 'C321', 'Fabricación de artículos de joyería, bisutería y similares');
INSERT INTO cnae VALUES ('3211', 'C3211', 'Fabricación de monedas');
INSERT INTO cnae VALUES ('3212', 'C3212', 'Fabricación de artículos de joyería y artículos similares');
INSERT INTO cnae VALUES ('3213', 'C3213', 'Fabricación de artículos de bisutería y artículos similares');
INSERT INTO cnae VALUES ('322', 'C322', 'Fabricación de instrumentos musicales');
INSERT INTO cnae VALUES ('3220', 'C3220', 'Fabricación de instrumentos musicales');
INSERT INTO cnae VALUES ('323', 'C323', 'Fabricación de artículos de deporte');
INSERT INTO cnae VALUES ('3230', 'C3230', 'Fabricación de artículos de deporte');
INSERT INTO cnae VALUES ('324', 'C324', 'Fabricación de juegos y juguetes');
INSERT INTO cnae VALUES ('3240', 'C3240', 'Fabricación de juegos y juguetes');
INSERT INTO cnae VALUES ('325', 'C325', 'Fabricación de instrumentos y suministros médicos y odontológicos');
INSERT INTO cnae VALUES ('3250', 'C3250', 'Fabricación de instrumentos y suministros médicos y odontológicos');
INSERT INTO cnae VALUES ('329', 'C329', 'Industrias manufactureras n.c.o.p.');
INSERT INTO cnae VALUES ('3291', 'C3291', 'Fabricación de escobas, brochas y cepillos');
INSERT INTO cnae VALUES ('3299', 'C3299', 'Otras industrias manufactureras n.c.o.p.');
INSERT INTO cnae VALUES ('33', 'C33', 'Reparación e instalación de maquinaria y equipo');
INSERT INTO cnae VALUES ('331', 'C331', 'Reparación de productos metálicos, maquinaria y equipo');
INSERT INTO cnae VALUES ('3311', 'C3311', 'Reparación de productos metálicos');
INSERT INTO cnae VALUES ('3312', 'C3312', 'Reparación de maquinaria');
INSERT INTO cnae VALUES ('3313', 'C3313', 'Reparación de equipos electrónicos y ópticos');
INSERT INTO cnae VALUES ('3314', 'C3314', 'Reparación de equipos eléctricos');
INSERT INTO cnae VALUES ('3315', 'C3315', 'Reparación y mantenimiento naval');
INSERT INTO cnae VALUES ('3316', 'C3316', 'Reparación y mantenimiento aeronáutico y espacial');
INSERT INTO cnae VALUES ('3317', 'C3317', 'Reparación y mantenimiento de otro material de transporte');
INSERT INTO cnae VALUES ('3319', 'C3319', 'Reparación de otros equipos');
INSERT INTO cnae VALUES ('332', 'C332', 'Instalación de máquinas y equipos industriales');
INSERT INTO cnae VALUES ('3320', 'C3320', 'Instalación de máquinas y equipos industriales');
INSERT INTO cnae VALUES ('D', 'D', 'Suministro de energía eléctrica, gas, vapor y aire acondicionado');
INSERT INTO cnae VALUES ('35', 'D35', 'Suministro de energía eléctrica, gas, vapor y aire acondicionado');
INSERT INTO cnae VALUES ('351', 'D351', 'Producción, transporte y distribución de energía eléctrica');
INSERT INTO cnae VALUES ('3512', 'D3512', 'Transporte de energía eléctrica');
INSERT INTO cnae VALUES ('3513', 'D3513', 'Distribución de energía eléctrica');
INSERT INTO cnae VALUES ('3514', 'D3514', 'Comercio de energía eléctrica');
INSERT INTO cnae VALUES ('3515', 'D3515', 'Producción de energía hidroeléctrica');
INSERT INTO cnae VALUES ('3516', 'D3516', 'Producción de energía eléctrica de origen térmico convencional');
INSERT INTO cnae VALUES ('3517', 'D3517', 'Producción de energía eléctrica de origen nuclear');
INSERT INTO cnae VALUES ('3518', 'D3518', 'Producción de energía eléctrica de origen eólico');
INSERT INTO cnae VALUES ('3519', 'D3519', 'Producción de energía eléctrica de otros tipos');
INSERT INTO cnae VALUES ('352', 'D352', '"Producción de gas');
INSERT INTO cnae VALUES ('3521', 'D3521', 'Producción de gas');
INSERT INTO cnae VALUES ('3522', 'D3522', 'Distribución por tubería de combustibles gaseosos');
INSERT INTO cnae VALUES ('3523', 'D3523', 'Comercio de gas por tubería');
INSERT INTO cnae VALUES ('353', 'D353', 'Suministro de vapor y aire acondicionado');
INSERT INTO cnae VALUES ('3530', 'D3530', 'Suministro de vapor y aire acondicionado');
INSERT INTO cnae VALUES ('E', 'E', 'Suministro de agua, actividades de saneamiento, gestión de residuos y descontaminación');
INSERT INTO cnae VALUES ('8425', 'O8425', 'Protección civil');
INSERT INTO cnae VALUES ('36', 'E36', 'Captación, depuración y distribución de agua');
INSERT INTO cnae VALUES ('360', 'E360', 'Captación, depuración y distribución de agua');
INSERT INTO cnae VALUES ('3600', 'E3600', 'Captación, depuración y distribución de agua');
INSERT INTO cnae VALUES ('37', 'E37', 'Recogida y tratamiento de aguas residuales');
INSERT INTO cnae VALUES ('370', 'E370', 'Recogida y tratamiento de aguas residuales');
INSERT INTO cnae VALUES ('3700', 'E3700', 'Recogida y tratamiento de aguas residuales');
INSERT INTO cnae VALUES ('38', 'E38', '"Recogida, tratamiento y eliminación de residuos');
INSERT INTO cnae VALUES ('381', 'E381', 'Recogida de residuos');
INSERT INTO cnae VALUES ('3811', 'E3811', 'Recogida de residuos no peligrosos');
INSERT INTO cnae VALUES ('3812', 'E3812', 'Recogida de residuos peligrosos');
INSERT INTO cnae VALUES ('382', 'E382', 'Tratamiento y eliminación de residuos');
INSERT INTO cnae VALUES ('3821', 'E3821', 'Tratamiento y eliminación de residuos no peligrosos');
INSERT INTO cnae VALUES ('3822', 'E3822', 'Tratamiento y eliminación de residuos peligrosos');
INSERT INTO cnae VALUES ('383', 'E383', 'Valorización');
INSERT INTO cnae VALUES ('3831', 'E3831', 'Separación y clasificación de materiales');
INSERT INTO cnae VALUES ('3832', 'E3832', 'Valorización de materiales ya clasificados');
INSERT INTO cnae VALUES ('39', 'E39', 'Actividades de descontaminación y otros servicios de gestión de residuos');
INSERT INTO cnae VALUES ('390', 'E390', 'Actividades de descontaminación y otros servicios de gestión de residuos');
INSERT INTO cnae VALUES ('3900', 'E3900', 'Actividades de descontaminación y otros servicios de gestión de residuos');
INSERT INTO cnae VALUES ('F', 'F', 'Construcción');
INSERT INTO cnae VALUES ('41', 'F41', 'Construcción de edificios');
INSERT INTO cnae VALUES ('411', 'F411', 'Promoción inmobiliaria');
INSERT INTO cnae VALUES ('4110', 'F4110', 'Promoción inmobiliaria');
INSERT INTO cnae VALUES ('412', 'F412', 'Construcción de edificios');
INSERT INTO cnae VALUES ('4121', 'F4121', 'Construcción de edificios residenciales');
INSERT INTO cnae VALUES ('4122', 'F4122', 'Construcción de edificios no residenciales');
INSERT INTO cnae VALUES ('42', 'F42', 'Ingeniería civil');
INSERT INTO cnae VALUES ('421', 'F421', 'Construcción de carreteras y vías férreas, puentes y túneles');
INSERT INTO cnae VALUES ('4211', 'F4211', 'Construcción de carreteras y autopistas');
INSERT INTO cnae VALUES ('4212', 'F4212', 'Construcción de vías férreas de superficie y subterráneas');
INSERT INTO cnae VALUES ('4213', 'F4213', 'Construcción de puentes y túneles');
INSERT INTO cnae VALUES ('422', 'F422', 'Construcción de redes');
INSERT INTO cnae VALUES ('4221', 'F4221', 'Construcción de redes para fluidos');
INSERT INTO cnae VALUES ('4222', 'F4222', 'Construcción de redes eléctricas y de telecomunicaciones');
INSERT INTO cnae VALUES ('429', 'F429', 'Construcción de otros proyectos de ingeniería civil');
INSERT INTO cnae VALUES ('4291', 'F4291', 'Obras hidráulicas');
INSERT INTO cnae VALUES ('4299', 'F4299', 'Construcción de otros proyectos de ingeniería civil n.c.o.p.');
INSERT INTO cnae VALUES ('43', 'F43', 'Actividades de construcción especializada');
INSERT INTO cnae VALUES ('431', 'F431', 'Demolición y preparación de terrenos');
INSERT INTO cnae VALUES ('4311', 'F4311', 'Demolición');
INSERT INTO cnae VALUES ('4312', 'F4312', 'Preparación de terrenos');
INSERT INTO cnae VALUES ('4313', 'F4313', 'Perforaciones y sondeos');
INSERT INTO cnae VALUES ('432', 'F432', 'Instalaciones eléctricas, de fontanería y otras instalaciones en obras de construcción');
INSERT INTO cnae VALUES ('4321', 'F4321', 'Instalaciones eléctricas');
INSERT INTO cnae VALUES ('4322', 'F4322', 'Fontanería, instalaciones de sistemas de calefacción y aire acondicionado');
INSERT INTO cnae VALUES ('4329', 'F4329', 'Otras instalaciones en obras de construcción');
INSERT INTO cnae VALUES ('433', 'F433', 'Acabado de edificios');
INSERT INTO cnae VALUES ('4331', 'F4331', 'Revocamiento');
INSERT INTO cnae VALUES ('4332', 'F4332', 'Instalación de carpintería');
INSERT INTO cnae VALUES ('4333', 'F4333', 'Revestimiento de suelos y paredes');
INSERT INTO cnae VALUES ('4334', 'F4334', 'Pintura y acristalamiento');
INSERT INTO cnae VALUES ('4339', 'F4339', 'Otro acabado de edificios');
INSERT INTO cnae VALUES ('439', 'F439', 'Otras actividades de construcción especializada');
INSERT INTO cnae VALUES ('4391', 'F4391', 'Construcción de cubiertas');
INSERT INTO cnae VALUES ('4399', 'F4399', 'Otras actividades de construcción especializada n.c.o.p.');
INSERT INTO cnae VALUES ('G', 'G', '"Comercio al por mayor y al por menor');
INSERT INTO cnae VALUES ('45', 'G45', 'Venta y reparación de vehículos de motor y motocicletas');
INSERT INTO cnae VALUES ('451', 'G451', 'Venta de vehículos de motor');
INSERT INTO cnae VALUES ('4511', 'G4511', 'Venta de automóviles y vehículos de motor ligeros');
INSERT INTO cnae VALUES ('4519', 'G4519', 'Venta de otros vehículos de motor');
INSERT INTO cnae VALUES ('452', 'G452', 'Mantenimiento y reparación de vehículos de motor');
INSERT INTO cnae VALUES ('4520', 'G4520', 'Mantenimiento y reparación de vehículos de motor');
INSERT INTO cnae VALUES ('453', 'G453', 'Comercio de repuestos y accesorios de vehículos de motor');
INSERT INTO cnae VALUES ('4531', 'G4531', 'Comercio al por mayor de repuestos y accesorios de vehículos de motor');
INSERT INTO cnae VALUES ('4532', 'G4532', 'Comercio al por menor de repuestos y accesorios de vehículos de motor');
INSERT INTO cnae VALUES ('454', 'G454', 'Venta, mantenimiento y reparación de motocicletas y de sus repuestos y accesorios');
INSERT INTO cnae VALUES ('4540', 'G4540', 'Venta, mantenimiento y reparación de motocicletas y de sus repuestos y accesorios');
INSERT INTO cnae VALUES ('46', 'G46', 'Comercio al por mayor e intermediarios del comercio, excepto de vehículos de motor y motocicletas');
INSERT INTO cnae VALUES ('461', 'G461', 'Intermediarios del comercio');
INSERT INTO cnae VALUES ('4611', 'G4611', 'Intermediarios del comercio de materias primas agrarias, animales vivos, materias primas textiles y productos semielaborados');
INSERT INTO cnae VALUES ('4612', 'G4612', 'Intermediarios del comercio de combustibles, minerales, metales y productos químicos industriales');
INSERT INTO cnae VALUES ('4613', 'G4613', 'Intermediarios del comercio de la madera y materiales de construcción');
INSERT INTO cnae VALUES ('4614', 'G4614', 'Intermediarios del comercio de maquinaria, equipo industrial, embarcaciones y aeronaves');
INSERT INTO cnae VALUES ('4615', 'G4615', 'Intermediarios del comercio de muebles, artículos para el hogar y ferretería');
INSERT INTO cnae VALUES ('4616', 'G4616', 'Intermediarios del comercio de textiles, prendas de vestir, peletería, calzado y artículos de cuero');
INSERT INTO cnae VALUES ('4617', 'G4617', 'Intermediarios del comercio de productos alimenticios, bebidas y tabaco');
INSERT INTO cnae VALUES ('4618', 'G4618', 'Intermediarios del comercio especializados en la venta de otros productos específicos');
INSERT INTO cnae VALUES ('4619', 'G4619', 'Intermediarios del comercio de productos diversos');
INSERT INTO cnae VALUES ('462', 'G462', 'Comercio al por mayor de materias primas agrarias y de animales vivos');
INSERT INTO cnae VALUES ('4621', 'G4621', 'Comercio al por mayor de cereales, tabaco en rama, simientes y alimentos para animales');
INSERT INTO cnae VALUES ('4622', 'G4622', 'Comercio al por mayor de flores y plantas');
INSERT INTO cnae VALUES ('4623', 'G4623', 'Comercio al por mayor de animales vivos');
INSERT INTO cnae VALUES ('4624', 'G4624', 'Comercio al por mayor de cueros y pieles');
INSERT INTO cnae VALUES ('463', 'G463', 'Comercio al por mayor de productos alimenticios, bebidas y tabaco');
INSERT INTO cnae VALUES ('4631', 'G4631', 'Comercio al por mayor de frutas y hortalizas');
INSERT INTO cnae VALUES ('4632', 'G4632', 'Comercio al por mayor de carne y productos cárnicos');
INSERT INTO cnae VALUES ('4633', 'G4633', 'Comercio al por mayor de productos lácteos, huevos, aceites y grasas comestibles');
INSERT INTO cnae VALUES ('4634', 'G4634', 'Comercio al por mayor de bebidas');
INSERT INTO cnae VALUES ('4635', 'G4635', 'Comercio al por mayor de productos del tabaco');
INSERT INTO cnae VALUES ('843', 'O843', 'Seguridad Social obligatoria');
INSERT INTO cnae VALUES ('4636', 'G4636', 'Comercio al por mayor de azúcar, chocolate y confitería');
INSERT INTO cnae VALUES ('4637', 'G4637', 'Comercio al por mayor de café, té, cacao y especias');
INSERT INTO cnae VALUES ('4638', 'G4638', 'Comercio al por mayor de pescados y mariscos y otros productos alimenticios');
INSERT INTO cnae VALUES ('4639', 'G4639', 'Comercio al por mayor, no especializado, de productos alimenticios, bebidas y tabaco');
INSERT INTO cnae VALUES ('464', 'G464', 'Comercio al por mayor de artículos de uso doméstico');
INSERT INTO cnae VALUES ('4641', 'G4641', 'Comercio al por mayor de textiles');
INSERT INTO cnae VALUES ('4642', 'G4642', 'Comercio al por mayor de prendas de vestir y calzado');
INSERT INTO cnae VALUES ('4643', 'G4643', 'Comercio al por mayor de aparatos electrodomésticos');
INSERT INTO cnae VALUES ('4644', 'G4644', 'Comercio al por mayor de porcelana, cristalería y artículos de limpieza');
INSERT INTO cnae VALUES ('4645', 'G4645', 'Comercio al por mayor de productos perfumería y cosmética');
INSERT INTO cnae VALUES ('4646', 'G4646', 'Comercio al por mayor de productos farmacéuticos');
INSERT INTO cnae VALUES ('4647', 'G4647', 'Comercio al por mayor de muebles, alfombras y aparatos de iluminación');
INSERT INTO cnae VALUES ('4648', 'G4648', 'Comercio al por mayor de artículos de relojería y joyería');
INSERT INTO cnae VALUES ('4649', 'G4649', 'Comercio al por mayor de otros artículos de uso doméstico');
INSERT INTO cnae VALUES ('465', 'G465', 'Comercio al por mayor de equipos para las tecnologías de la información y las comunicaciones');
INSERT INTO cnae VALUES ('4651', 'G4651', 'Comercio al por mayor de ordenadores, equipos periféricos y programas informáticos');
INSERT INTO cnae VALUES ('4652', 'G4652', 'Comercio al por mayor de equipos electrónicos y de telecomunicaciones y sus componentes');
INSERT INTO cnae VALUES ('466', 'G466', 'Comercio al por mayor de otra maquinaria, equipos y suministros');
INSERT INTO cnae VALUES ('4661', 'G4661', 'Comercio al por mayor de maquinaria, equipos y suministros agrícolas');
INSERT INTO cnae VALUES ('4662', 'G4662', 'Comercio al por mayor de máquinas herramienta');
INSERT INTO cnae VALUES ('4663', 'G4663', 'Comercio al por mayor de maquinaria para la minería, la construcción y la ingeniería civil');
INSERT INTO cnae VALUES ('4664', 'G4664', 'Comercio al por mayor de maquinaria para la industria textil y de máquinas de coser y tricotar');
INSERT INTO cnae VALUES ('4665', 'G4665', 'Comercio al por mayor de muebles de oficina');
INSERT INTO cnae VALUES ('4666', 'G4666', 'Comercio al por mayor de otra maquinaria y equipo de oficina');
INSERT INTO cnae VALUES ('4669', 'G4669', 'Comercio al por mayor de otra maquinaria y equipo');
INSERT INTO cnae VALUES ('467', 'G467', 'Otro comercio al por mayor especializado');
INSERT INTO cnae VALUES ('4671', 'G4671', 'Comercio al por mayor de combustibles sólidos, líquidos y gaseosos, y productos similares');
INSERT INTO cnae VALUES ('4672', 'G4672', 'Comercio al por mayor de metales y minerales metálicos');
INSERT INTO cnae VALUES ('4673', 'G4673', 'Comercio al por mayor de madera, materiales de construcción y aparatos sanitarios');
INSERT INTO cnae VALUES ('4674', 'G4674', 'Comercio al por mayor de ferretería, fontanería y calefacción');
INSERT INTO cnae VALUES ('4675', 'G4675', 'Comercio al por mayor de productos químicos');
INSERT INTO cnae VALUES ('4676', 'G4676', 'Comercio al por mayor de otros productos semielaborados');
INSERT INTO cnae VALUES ('4677', 'G4677', 'Comercio al por mayor de chatarra y productos de desecho');
INSERT INTO cnae VALUES ('469', 'G469', 'Comercio al por mayor no especializado');
INSERT INTO cnae VALUES ('4690', 'G4690', 'Comercio al por mayor no especializado');
INSERT INTO cnae VALUES ('47', 'G47', 'Comercio al por menor, excepto de vehículos de motor y motocicletas');
INSERT INTO cnae VALUES ('471', 'G471', 'Comercio al por menor en establecimientos no especializados');
INSERT INTO cnae VALUES ('4711', 'G4711', 'Comercio al por menor en establecimientos no especializados, con predominio en productos alimenticios, bebidas y tabaco');
INSERT INTO cnae VALUES ('4719', 'G4719', 'Otro comercio al por menor en establecimientos no especializados');
INSERT INTO cnae VALUES ('472', 'G472', 'Comercio al por menor de productos alimenticios, bebidas y tabaco en establecimientos especializados');
INSERT INTO cnae VALUES ('4721', 'G4721', 'Comercio al por menor de frutas y hortalizas en establecimientos especializados');
INSERT INTO cnae VALUES ('4722', 'G4722', 'Comercio al por menor de carne y productos cárnicos en establecimientos especializados');
INSERT INTO cnae VALUES ('4723', 'G4723', 'Comercio al por menor de pescados y mariscos en establecimientos especializados');
INSERT INTO cnae VALUES ('4724', 'G4724', 'Comercio al por menor de pan y productos de panadería, confitería y pastelería en establecimientos especializados');
INSERT INTO cnae VALUES ('4725', 'G4725', 'Comercio al por menor de bebidas en establecimientos especializados');
INSERT INTO cnae VALUES ('4726', 'G4726', 'Comercio al por menor de productos de tabaco en establecimientos especializados');
INSERT INTO cnae VALUES ('4729', 'G4729', 'Otro comercio al por menor de productos alimenticios en establecimientos especializados');
INSERT INTO cnae VALUES ('473', 'G473', 'Comercio al por menor de combustible para la automoción en establecimientos especializados');
INSERT INTO cnae VALUES ('4730', 'G4730', 'Comercio al por menor de combustible para la automoción en establecimientos especializados');
INSERT INTO cnae VALUES ('474', 'G474', 'Comercio al por menor de equipos para las tecnologías de la información y las comunicaciones en establecimientos especializados');
INSERT INTO cnae VALUES ('4741', 'G4741', 'Comercio al por menor de ordenadores, equipos periféricos y programas informáticos en establecimientos especializados');
INSERT INTO cnae VALUES ('4742', 'G4742', 'Comercio al por menor de equipos de telecomunicaciones en establecimientos especializados');
INSERT INTO cnae VALUES ('4743', 'G4743', 'Comercio al por menor de equipos de audio y vídeo en establecimientos especializados');
INSERT INTO cnae VALUES ('475', 'G475', 'Comercio al por menor de otros artículos de uso doméstico en establecimientos especializados');
INSERT INTO cnae VALUES ('4751', 'G4751', 'Comercio al por menor de textiles en establecimientos especializados');
INSERT INTO cnae VALUES ('4752', 'G4752', 'Comercio al por menor de ferretería, pintura y vidrio en establecimientos especializados');
INSERT INTO cnae VALUES ('4753', 'G4753', 'Comercio al por menor de alfombras, moquetas y revestimientos de paredes y suelos en establecimientos especializados');
INSERT INTO cnae VALUES ('4754', 'G4754', 'Comercio al por menor de aparatos electrodomésticos en establecimientos especializados');
INSERT INTO cnae VALUES ('4759', 'G4759', 'Comercio al por menor de muebles, aparatos de iluminación y otros artículos de uso doméstico en establecimientos especializados');
INSERT INTO cnae VALUES ('476', 'G476', 'Comercio al por menor de artículos culturales y recreativos en establecimientos especializados');
INSERT INTO cnae VALUES ('4761', 'G4761', 'Comercio al por menor de libros en establecimientos especializados');
INSERT INTO cnae VALUES ('4762', 'G4762', 'Comercio al por menor de periódicos y artículos de papelería en establecimientos especializados');
INSERT INTO cnae VALUES ('4763', 'G4763', 'Comercio al por menor de grabaciones de música y vídeo en establecimientos especializados');
INSERT INTO cnae VALUES ('4764', 'G4764', 'Comercio al por menor de artículos deportivos en establecimientos especializados');
INSERT INTO cnae VALUES ('4765', 'G4765', 'Comercio al por menor de juegos y juguetes en establecimientos especializados');
INSERT INTO cnae VALUES ('477', 'G477', 'Comercio al por menor de otros artículos en establecimientos especializados');
INSERT INTO cnae VALUES ('4771', 'G4771', 'Comercio al por menor de prendas de vestir en establecimientos especializados');
INSERT INTO cnae VALUES ('4772', 'G4772', 'Comercio al por menor de calzado y artículos de cuero en establecimientos especializados');
INSERT INTO cnae VALUES ('4773', 'G4773', 'Comercio al por menor de productos farmacéuticos en establecimientos especializados');
INSERT INTO cnae VALUES ('4774', 'G4774', 'Comercio al por menor de artículos médicos y ortopédicos en establecimientos especializados');
INSERT INTO cnae VALUES ('4775', 'G4775', 'Comercio al por menor de productos cosméticos e higiénicos en establecimientos especializados');
INSERT INTO cnae VALUES ('4776', 'G4776', 'Comercio al por menor de flores, plantas, semillas, fertilizantes, animales de compañía y alimentos para los mismos en establecimientos especializados');
INSERT INTO cnae VALUES ('4777', 'G4777', 'Comercio al por menor de artículos de relojería y joyería en establecimientos especializados');
INSERT INTO cnae VALUES ('4778', 'G4778', 'Otro comercio al por menor de artículos nuevos en establecimientos especializados');
INSERT INTO cnae VALUES ('4779', 'G4779', 'Comercio al por menor de artículos de segunda mano en establecimientos');
INSERT INTO cnae VALUES ('478', 'G478', 'Comercio al por menor en puestos de venta y en mercadillos');
INSERT INTO cnae VALUES ('4781', 'G4781', 'Comercio al por menor de productos alimenticios, bebidas y tabaco en puestos de venta y en mercadillos');
INSERT INTO cnae VALUES ('4782', 'G4782', 'Comercio al por menor de productos textiles, prendas de vestir y calzado en puestos de venta y en mercadillos');
INSERT INTO cnae VALUES ('4789', 'G4789', 'Comercio al por menor de otros productos en puestos de venta y en mercadillos');
INSERT INTO cnae VALUES ('479', 'G479', 'Comercio al por menor no realizado ni en establecimientos, ni en puestos de venta ni en mercadillos');
INSERT INTO cnae VALUES ('4791', 'G4791', 'Comercio al por menor por correspondencia o Internet');
INSERT INTO cnae VALUES ('4799', 'G4799', 'Otro comercio al por menor no realizado ni en establecimientos, ni en puestos de venta ni en mercadillos');
INSERT INTO cnae VALUES ('H', 'H', 'Transporte y almacenamiento');
INSERT INTO cnae VALUES ('49', 'H49', 'Transporte terrestre y por tubería');
INSERT INTO cnae VALUES ('491', 'H491', 'Transporte interurbano de pasajeros por ferrocarril');
INSERT INTO cnae VALUES ('4910', 'H4910', 'Transporte interurbano de pasajeros por ferrocarril');
INSERT INTO cnae VALUES ('492', 'H492', 'Transporte de mercancías por ferrocarril');
INSERT INTO cnae VALUES ('4920', 'H4920', 'Transporte de mercancías por ferrocarril');
INSERT INTO cnae VALUES ('493', 'H493', 'Otro transporte terrestre de pasajeros');
INSERT INTO cnae VALUES ('4931', 'H4931', 'Transporte terrestre urbano y suburbano de pasajeros');
INSERT INTO cnae VALUES ('4932', 'H4932', 'Transporte por taxi');
INSERT INTO cnae VALUES ('4939', 'H4939', 'tipos de transporte terrestre de pasajeros n.c.o.p.');
INSERT INTO cnae VALUES ('494', 'H494', 'Transporte de mercancías por carretera y servicios de mudanza');
INSERT INTO cnae VALUES ('4941', 'H4941', 'Transporte de mercancías por carretera');
INSERT INTO cnae VALUES ('4942', 'H4942', 'Servicios de mudanza');
INSERT INTO cnae VALUES ('495', 'H495', 'Transporte por tubería');
INSERT INTO cnae VALUES ('4950', 'H4950', 'Transporte por tubería');
INSERT INTO cnae VALUES ('50', 'H50', 'Transporte marítimo y por vías navegables interiores');
INSERT INTO cnae VALUES ('501', 'H501', 'Transporte marítimo de pasajeros');
INSERT INTO cnae VALUES ('5010', 'H5010', 'Transporte marítimo de pasajeros');
INSERT INTO cnae VALUES ('502', 'H502', 'Transporte marítimo de mercancías');
INSERT INTO cnae VALUES ('5020', 'H5020', 'Transporte marítimo de mercancías');
INSERT INTO cnae VALUES ('503', 'H503', 'Transporte de pasajeros por vías navegables interiores');
INSERT INTO cnae VALUES ('5030', 'H5030', 'Transporte de pasajeros por vías navegables interiores');
INSERT INTO cnae VALUES ('504', 'H504', 'Transporte de mercancías por vías navegables interiores');
INSERT INTO cnae VALUES ('5040', 'H5040', 'Transporte de mercancías por vías navegables interiores');
INSERT INTO cnae VALUES ('51', 'H51', 'Transporte aéreo');
INSERT INTO cnae VALUES ('511', 'H511', 'Transporte aéreo de pasajeros');
INSERT INTO cnae VALUES ('5110', 'H5110', 'Transporte aéreo de pasajeros');
INSERT INTO cnae VALUES ('512', 'H512', 'Transporte aéreo de mercancías y transporte espacial');
INSERT INTO cnae VALUES ('5121', 'H5121', 'Transporte aéreo de mercancías');
INSERT INTO cnae VALUES ('5122', 'H5122', 'Transporte espacial');
INSERT INTO cnae VALUES ('52', 'H52', 'Almacenamiento y actividades anexas al transporte');
INSERT INTO cnae VALUES ('521', 'H521', 'Depósito y almacenamiento');
INSERT INTO cnae VALUES ('5210', 'H5210', 'Depósito y almacenamiento');
INSERT INTO cnae VALUES ('522', 'H522', 'Actividades anexas al transporte');
INSERT INTO cnae VALUES ('5221', 'H5221', 'Actividades anexas al transporte terrestre');
INSERT INTO cnae VALUES ('5222', 'H5222', 'Actividades anexas al transporte marítimo y por vías navegables interiores');
INSERT INTO cnae VALUES ('5223', 'H5223', 'Actividades anexas al transporte aéreo');
INSERT INTO cnae VALUES ('5224', 'H5224', 'Manipulación de mercancías');
INSERT INTO cnae VALUES ('5229', 'H5229', 'Otras actividades anexas al transporte');
INSERT INTO cnae VALUES ('53', 'H53', 'Actividades postales y de correos');
INSERT INTO cnae VALUES ('531', 'H531', 'Actividades postales sometidas a la obligación del servicio universal');
INSERT INTO cnae VALUES ('5310', 'H5310', 'Actividades postales sometidas a la obligación del servicio universal');
INSERT INTO cnae VALUES ('532', 'H532', 'Otras actividades postales y de correos');
INSERT INTO cnae VALUES ('5320', 'H5320', 'Otras actividades postales y de correos');
INSERT INTO cnae VALUES ('I', 'I', 'Hostelería');
INSERT INTO cnae VALUES ('55', 'I55', 'Servicios de alojamiento');
INSERT INTO cnae VALUES ('551', 'I551', 'Hoteles y alojamientos similares');
INSERT INTO cnae VALUES ('5510', 'I5510', 'Hoteles y alojamientos similares');
INSERT INTO cnae VALUES ('552', 'I552', 'Alojamientos turísticos y otros alojamientos de corta estancia');
INSERT INTO cnae VALUES ('5520', 'I5520', 'Alojamientos turísticos y otros alojamientos de corta estancia');
INSERT INTO cnae VALUES ('553', 'I553', 'Campings y aparcamientos para caravanas');
INSERT INTO cnae VALUES ('5530', 'I5530', 'Campings y aparcamientos para caravanas');
INSERT INTO cnae VALUES ('559', 'I559', 'Otros alojamientos');
INSERT INTO cnae VALUES ('5590', 'I5590', 'Otros alojamientos');
INSERT INTO cnae VALUES ('56', 'I56', 'Servicios de comidas y bebidas');
INSERT INTO cnae VALUES ('561', 'I561', 'Restaurantes y puestos de comidas');
INSERT INTO cnae VALUES ('5610', 'I5610', 'Restaurantes y puestos de comidas');
INSERT INTO cnae VALUES ('562', 'I562', 'Provisión de comidas preparadas para eventos y otros servicios de comidas');
INSERT INTO cnae VALUES ('5621', 'I5621', 'Provisión de comidas preparadas para eventos');
INSERT INTO cnae VALUES ('5629', 'I5629', 'Otros servicios de comidas');
INSERT INTO cnae VALUES ('563', 'I563', 'Establecimientos de bebidas');
INSERT INTO cnae VALUES ('5630', 'I5630', 'Establecimientos de bebidas');
INSERT INTO cnae VALUES ('J', 'J', 'Información y comunicaciones');
INSERT INTO cnae VALUES ('58', 'J58', 'Edición');
INSERT INTO cnae VALUES ('581', 'J581', 'Edición de libros, periódicos y otras actividades editoriales');
INSERT INTO cnae VALUES ('5811', 'J5811', 'Edición de libros');
INSERT INTO cnae VALUES ('5812', 'J5812', 'Edición de directorios y guías de direcciones postales');
INSERT INTO cnae VALUES ('5813', 'J5813', 'Edición de periódicos');
INSERT INTO cnae VALUES ('5814', 'J5814', 'Edición de revistas');
INSERT INTO cnae VALUES ('5819', 'J5819', 'Otras actividades editoriales');
INSERT INTO cnae VALUES ('582', 'J582', 'Edición de programas informáticos');
INSERT INTO cnae VALUES ('5821', 'J5821', 'Edición de videojuegos');
INSERT INTO cnae VALUES ('5829', 'J5829', 'Edición de otros programas informáticos');
INSERT INTO cnae VALUES ('59', 'J59', 'Actividades cinematográficas, de vídeo y de programas de televisión, grabación de sonido y edición musical');
INSERT INTO cnae VALUES ('591', 'J591', 'Actividades cinematográficas, de vídeo y de programas de televisión');
INSERT INTO cnae VALUES ('5912', 'J5912', 'Actividades de postproducción cinematográfica, de vídeo y de programas de televisión');
INSERT INTO cnae VALUES ('5914', 'J5914', 'Actividades de exhibición cinematográfica');
INSERT INTO cnae VALUES ('5915', 'J5915', 'Actividades de producción cinematográfica y de vídeo');
INSERT INTO cnae VALUES ('5916', 'J5916', 'Actividades de producciones de programas de televisión');
INSERT INTO cnae VALUES ('5917', 'J5917', 'Actividades de distribución cinematográfica y de vídeo');
INSERT INTO cnae VALUES ('5918', 'J5918', 'Actividades de distribución de programas de televisión');
INSERT INTO cnae VALUES ('592', 'J592', 'Actividades de grabación de sonido y edición musical');
INSERT INTO cnae VALUES ('5920', 'J5920', 'Actividades de grabación de sonido y edición musical');
INSERT INTO cnae VALUES ('60', 'J60', 'Actividades de programación y emisión de radio y televisión');
INSERT INTO cnae VALUES ('601', 'J601', 'Actividades de radiodifusión');
INSERT INTO cnae VALUES ('6010', 'J6010', 'Actividades de radiodifusión');
INSERT INTO cnae VALUES ('602', 'J602', 'Actividades de programación y emisión de televisión');
INSERT INTO cnae VALUES ('6020', 'J6020', 'Actividades de programación y emisión de televisión');
INSERT INTO cnae VALUES ('61', 'J61', 'Telecomunicaciones');
INSERT INTO cnae VALUES ('611', 'J611', 'Telecomunicaciones por cable');
INSERT INTO cnae VALUES ('6110', 'J6110', 'Telecomunicaciones por cable');
INSERT INTO cnae VALUES ('612', 'J612', 'Telecomunicaciones inalámbricas');
INSERT INTO cnae VALUES ('6120', 'J6120', 'Telecomunicaciones inalámbricas');
INSERT INTO cnae VALUES ('613', 'J613', 'Telecomunicaciones por satélite');
INSERT INTO cnae VALUES ('6130', 'J6130', 'Telecomunicaciones por satélite');
INSERT INTO cnae VALUES ('619', 'J619', 'Otras actividades de telecomunicaciones');
INSERT INTO cnae VALUES ('6190', 'J6190', 'Otras actividades de telecomunicaciones');
INSERT INTO cnae VALUES ('62', 'J62', 'Programación, consultoría y otras actividades relacionadas con la informática');
INSERT INTO cnae VALUES ('620', 'J620', 'Programación, consultoría y otras actividades relacionadas con la informática');
INSERT INTO cnae VALUES ('6201', 'J6201', 'Actividades de programación informática');
INSERT INTO cnae VALUES ('6202', 'J6202', 'Actividades de consultoría informática');
INSERT INTO cnae VALUES ('6203', 'J6203', 'Gestión de recursos informáticos');
INSERT INTO cnae VALUES ('6209', 'J6209', 'Otros servicios relacionados con las tecnologías de la información y la informática');
INSERT INTO cnae VALUES ('63', 'J63', 'Servicios de información');
INSERT INTO cnae VALUES ('631', 'J631', '"Proceso de datos, hosting y actividades relacionadas');
INSERT INTO cnae VALUES ('6311', 'J6311', 'Proceso de datos, hosting y actividades relacionadas');
INSERT INTO cnae VALUES ('6312', 'J6312', 'Portales web');
INSERT INTO cnae VALUES ('639', 'J639', 'Otros servicios de información');
INSERT INTO cnae VALUES ('6391', 'J6391', 'Actividades de las agencias de noticias');
INSERT INTO cnae VALUES ('6399', 'J6399', 'Otros servicios de información n.c.o.p.');
INSERT INTO cnae VALUES ('K', 'K', 'Actividades financieras y de seguros');
INSERT INTO cnae VALUES ('64', 'K64', 'Servicios financieros, excepto seguros y fondos de pensiones');
INSERT INTO cnae VALUES ('641', 'K641', 'Intermediación monetaria');
INSERT INTO cnae VALUES ('6411', 'K6411', 'Banco central');
INSERT INTO cnae VALUES ('6419', 'K6419', 'Otra intermediación monetaria');
INSERT INTO cnae VALUES ('642', 'K642', 'Actividades de las sociedades holding');
INSERT INTO cnae VALUES ('6420', 'K6420', 'Actividades de las sociedades holding');
INSERT INTO cnae VALUES ('643', 'K643', 'Inversión colectiva, fondos y entidades financieras similares');
INSERT INTO cnae VALUES ('6430', 'K6430', 'Inversión colectiva, fondos y entidades financieras similares');
INSERT INTO cnae VALUES ('649', 'K649', 'Otros servicios financieros, excepto seguros y fondos de pensiones');
INSERT INTO cnae VALUES ('6491', 'K6491', 'Arrendamiento financiero');
INSERT INTO cnae VALUES ('6492', 'K6492', 'Otras actividades crediticias');
INSERT INTO cnae VALUES ('6499', 'K6499', 'Otros servicios financieros, excepto seguros y fondos de pensiones n.c.o.p.');
INSERT INTO cnae VALUES ('65', 'K65', 'Seguros, reaseguros y fondos de pensiones, excepto Seguridad Social obligatoria');
INSERT INTO cnae VALUES ('651', 'K651', 'Seguros');
INSERT INTO cnae VALUES ('6511', 'K6511', 'Seguros de vida');
INSERT INTO cnae VALUES ('6512', 'K6512', 'Seguros distintos de los seguros de vida');
INSERT INTO cnae VALUES ('652', 'K652', 'Reaseguros');
INSERT INTO cnae VALUES ('6520', 'K6520', 'Reaseguros');
INSERT INTO cnae VALUES ('653', 'K653', 'Fondos de pensiones');
INSERT INTO cnae VALUES ('6530', 'K6530', 'Fondos de pensiones');
INSERT INTO cnae VALUES ('66', 'K66', 'Actividades auxiliares a los servicios financieros y a los seguros');
INSERT INTO cnae VALUES ('661', 'K661', 'Actividades auxiliares a los servicios financieros, excepto seguros y fondos de pensiones');
INSERT INTO cnae VALUES ('6611', 'K6611', 'Administración de mercados financieros');
INSERT INTO cnae VALUES ('6612', 'K6612', 'Actividades de intermediación en operaciones con valores y otros activos');
INSERT INTO cnae VALUES ('6619', 'K6619', 'Otras actividades auxiliares a los servicios financieros, excepto seguros y fondos de pensiones');
INSERT INTO cnae VALUES ('662', 'K662', 'Actividades auxiliares a seguros y fondos de pensiones');
INSERT INTO cnae VALUES ('6621', 'K6621', 'Evaluación de riesgos y daños');
INSERT INTO cnae VALUES ('6622', 'K6622', 'Actividades de agentes y corredores de seguros');
INSERT INTO cnae VALUES ('6629', 'K6629', 'Otras actividades auxiliares a seguros y fondos de pensiones');
INSERT INTO cnae VALUES ('663', 'K663', 'Actividades de gestión de fondos');
INSERT INTO cnae VALUES ('6630', 'K6630', 'Actividades de gestión de fondos');
INSERT INTO cnae VALUES ('L', 'L', 'Actividades inmobiliarias');
INSERT INTO cnae VALUES ('68', 'L68', 'Actividades inmobiliarias');
INSERT INTO cnae VALUES ('681', 'L681', 'Compraventa de bienes inmobiliarios por cuenta propia');
INSERT INTO cnae VALUES ('6810', 'L6810', 'Compraventa de bienes inmobiliarios por cuenta propia');
INSERT INTO cnae VALUES ('682', 'L682', 'Alquiler de bienes inmobiliarios por cuenta propia');
INSERT INTO cnae VALUES ('6820', 'L6820', 'Alquiler de bienes inmobiliarios por cuenta propia');
INSERT INTO cnae VALUES ('683', 'L683', 'Actividades inmobiliarias por cuenta de terceros');
INSERT INTO cnae VALUES ('6831', 'L6831', 'Agentes de la propiedad inmobiliaria');
INSERT INTO cnae VALUES ('6832', 'L6832', 'Gestión y administración de la propiedad inmobiliaria');
INSERT INTO cnae VALUES ('M', 'M', 'Actividades profesionales, científicas y técnicas');
INSERT INTO cnae VALUES ('69', 'M69', 'Actividades jurídicas y de contabilidad');
INSERT INTO cnae VALUES ('691', 'M691', 'Actividades jurídicas');
INSERT INTO cnae VALUES ('6910', 'M6910', 'Actividades jurídicas');
INSERT INTO cnae VALUES ('692', 'M692', 'Actividades de contabilidad, teneduría de libros, auditoría y asesoría fiscal');
INSERT INTO cnae VALUES ('6920', 'M6920', 'Actividades de contabilidad, teneduría de libros, auditoría y asesoría fiscal');
INSERT INTO cnae VALUES ('70', 'M70', '"Actividades de las sedes centrales');
INSERT INTO cnae VALUES ('701', 'M701', 'Actividades de las sedes centrales');
INSERT INTO cnae VALUES ('7010', 'M7010', 'Actividades de las sedes centrales');
INSERT INTO cnae VALUES ('702', 'M702', 'Actividades de consultoría de gestión empresarial');
INSERT INTO cnae VALUES ('7021', 'M7021', 'Relaciones públicas y comunicación');
INSERT INTO cnae VALUES ('7022', 'M7022', 'Otras actividades de consultoría de gestión empresarial');
INSERT INTO cnae VALUES ('71', 'M71', '"Servicios técnicos de arquitectura e ingeniería');
INSERT INTO cnae VALUES ('711', 'M711', 'Servicios técnicos de arquitectura e ingeniería y otras actividades relacionadas con el asesoramiento técnico');
INSERT INTO cnae VALUES ('7111', 'M7111', 'Servicios técnicos de arquitectura');
INSERT INTO cnae VALUES ('7112', 'M7112', 'Servicios técnicos de ingeniería y otras actividades relacionadas con el asesoramiento técnico');
INSERT INTO cnae VALUES ('712', 'M712', 'Ensayos y análisis técnicos');
INSERT INTO cnae VALUES ('7120', 'M7120', 'Ensayos y análisis técnicos');
INSERT INTO cnae VALUES ('72', 'M72', 'Investigación y desarrollo');
INSERT INTO cnae VALUES ('721', 'M721', 'Investigación y desarrollo experimental en ciencias naturales y técnicas');
INSERT INTO cnae VALUES ('8430', 'O8430', 'Seguridad Social obligatoria');
INSERT INTO cnae VALUES ('7211', 'M7211', 'Investigación y desarrollo experimental en biotecnología');
INSERT INTO cnae VALUES ('7219', 'M7219', 'Otra investigación y desarrollo experimental en ciencias naturales y técnicas');
INSERT INTO cnae VALUES ('722', 'M722', 'Investigación y desarrollo experimental en ciencias sociales y humanidades');
INSERT INTO cnae VALUES ('7220', 'M7220', 'Investigación y desarrollo experimental en ciencias sociales y humanidades');
INSERT INTO cnae VALUES ('73', 'M73', 'Publicidad y estudios de mercado');
INSERT INTO cnae VALUES ('731', 'M731', 'Publicidad');
INSERT INTO cnae VALUES ('7311', 'M7311', 'Agencias de publicidad');
INSERT INTO cnae VALUES ('7312', 'M7312', 'Servicios de representación de medios de comunicación');
INSERT INTO cnae VALUES ('732', 'M732', 'Estudio de mercado y realización de encuestas de opinión pública');
INSERT INTO cnae VALUES ('7320', 'M7320', 'Estudio de mercado y realización de encuestas de opinión pública');
INSERT INTO cnae VALUES ('74', 'M74', 'Otras actividades profesionales, científicas y técnicas');
INSERT INTO cnae VALUES ('741', 'M741', 'Actividades de diseño especializado');
INSERT INTO cnae VALUES ('7410', 'M7410', 'Actividades de diseño especializado');
INSERT INTO cnae VALUES ('742', 'M742', 'Actividades de fotografía');
INSERT INTO cnae VALUES ('7420', 'M7420', 'Actividades de fotografía');
INSERT INTO cnae VALUES ('743', 'M743', 'Actividades de traducción e interpretación');
INSERT INTO cnae VALUES ('7430', 'M7430', 'Actividades de traducción e interpretación');
INSERT INTO cnae VALUES ('749', 'M749', 'Otras actividades profesionales, científicas y técnicas n.c.o.p.');
INSERT INTO cnae VALUES ('7490', 'M7490', 'Otras actividades profesionales, científicas y técnicas n.c.o.p.');
INSERT INTO cnae VALUES ('75', 'M75', 'Actividades veterinarias');
INSERT INTO cnae VALUES ('750', 'M750', 'Actividades veterinarias');
INSERT INTO cnae VALUES ('7500', 'M7500', 'Actividades veterinarias');
INSERT INTO cnae VALUES ('N', 'N', 'Actividades administrativas y servicios auxliares');
INSERT INTO cnae VALUES ('77', 'N77', 'Actividades de alquiler');
INSERT INTO cnae VALUES ('771', 'N771', 'Alquiler de vehículos de motor');
INSERT INTO cnae VALUES ('7711', 'N7711', 'Alquiler de automóviles y vehículos de motor ligeros');
INSERT INTO cnae VALUES ('7712', 'N7712', 'Alquiler de camiones');
INSERT INTO cnae VALUES ('772', 'N772', 'Alquiler de efectos personales y artículos de uso doméstico');
INSERT INTO cnae VALUES ('7721', 'N7721', 'Alquiler de artículos de ocio y deportivos');
INSERT INTO cnae VALUES ('7722', 'N7722', 'Alquiler de cintas de vídeo y discos');
INSERT INTO cnae VALUES ('7729', 'N7729', 'Alquiler de otros efectos personales y artículos de uso doméstico');
INSERT INTO cnae VALUES ('773', 'N773', 'Alquiler de otra maquinaria, equipos y bienes tangibles');
INSERT INTO cnae VALUES ('7731', 'N7731', 'Alquiler de maquinaria y equipo de uso agrícola');
INSERT INTO cnae VALUES ('7732', 'N7732', 'Alquiler de maquinaria y equipo para la construcción e ingeniería civil');
INSERT INTO cnae VALUES ('7733', 'N7733', 'Alquiler de maquinaria y equipo de oficina, incluidos ordenadores');
INSERT INTO cnae VALUES ('7734', 'N7734', 'Alquiler de medios de navegación');
INSERT INTO cnae VALUES ('7735', 'N7735', 'Alquiler de medios de transporte aéreo');
INSERT INTO cnae VALUES ('7739', 'N7739', 'Alquiler de otra maquinaria, equipos y bienes tangibles n.c.o.p.');
INSERT INTO cnae VALUES ('774', 'N774', 'Arrendamiento de la propiedad intelectual y productos similares, excepto trabajos protegidos por los derechos de autor');
INSERT INTO cnae VALUES ('7740', 'N7740', 'Arrendamiento de la propiedad intelectual y productos similares, excepto trabajos protegidos por los derechos de autor');
INSERT INTO cnae VALUES ('78', 'N78', 'Actividades relacionadas con el empleo');
INSERT INTO cnae VALUES ('781', 'N781', 'Actividades de las agencias de colocación');
INSERT INTO cnae VALUES ('7810', 'N7810', 'Actividades de las agencias de colocación');
INSERT INTO cnae VALUES ('782', 'N782', 'Actividades de las empresas de trabajo temporal');
INSERT INTO cnae VALUES ('7820', 'N7820', 'Actividades de las empresas de trabajo temporal');
INSERT INTO cnae VALUES ('783', 'N783', 'Otra provisión de recursos humanos');
INSERT INTO cnae VALUES ('7830', 'N7830', 'Otra provisión de recursos humanos');
INSERT INTO cnae VALUES ('79', 'N79', 'Actividades de agencias de viajes, operadores turísticos, servicios de reservas y actividades relacionadas con los mismos');
INSERT INTO cnae VALUES ('791', 'N791', 'Actividades de agencias de viajes y operadores turísticos');
INSERT INTO cnae VALUES ('7911', 'N7911', 'Actividades de las agencias de viajes');
INSERT INTO cnae VALUES ('7912', 'N7912', 'Actividades de los operadores turísticos');
INSERT INTO cnae VALUES ('799', 'N799', 'Otros servicios de reservas y actividades relacionadas con los mismos');
INSERT INTO cnae VALUES ('7990', 'N7990', 'Otros servicios de reservas y actividades relacionadas con los mismos');
INSERT INTO cnae VALUES ('80', 'N80', 'Actividades de seguridad e investigación');
INSERT INTO cnae VALUES ('801', 'N801', 'Actividades de seguridad privada');
INSERT INTO cnae VALUES ('8010', 'N8010', 'Actividades de seguridad privada');
INSERT INTO cnae VALUES ('802', 'N802', 'Servicios de sistemas de seguridad');
INSERT INTO cnae VALUES ('8020', 'N8020', 'Servicios de sistemas de seguridad');
INSERT INTO cnae VALUES ('803', 'N803', 'Actividades de investigación');
INSERT INTO cnae VALUES ('8030', 'N8030', 'Actividades de investigación');
INSERT INTO cnae VALUES ('81', 'N81', 'Servicios a edificios y actividades de jardinería');
INSERT INTO cnae VALUES ('811', 'N811', 'Servicios integrales a edificios e instalaciones');
INSERT INTO cnae VALUES ('8110', 'N8110', 'Servicios integrales a edificios e instalaciones');
INSERT INTO cnae VALUES ('812', 'N812', 'Actividades de limpieza');
INSERT INTO cnae VALUES ('8121', 'N8121', 'Limpieza general de edificios');
INSERT INTO cnae VALUES ('8122', 'N8122', 'Otras actividades de limpieza industrial y de edificios');
INSERT INTO cnae VALUES ('8129', 'N8129', 'Otras actividades de limpieza');
INSERT INTO cnae VALUES ('813', 'N813', 'Actividades de jardinería');
INSERT INTO cnae VALUES ('8130', 'N8130', 'Actividades de jardinería');
INSERT INTO cnae VALUES ('82', 'N82', 'Actividades administrativas de oficina y otras actividades auxiliares a las empresas');
INSERT INTO cnae VALUES ('821', 'N821', 'Actividades administrativas y auxiliares de oficina');
INSERT INTO cnae VALUES ('8211', 'N8211', 'Servicios administrativos combinados');
INSERT INTO cnae VALUES ('8219', 'N8219', 'Actividades de fotocopiado, preparación de documentos y otras actividades especializadas de oficina');
INSERT INTO cnae VALUES ('822', 'N822', 'Actividades de los centros de llamadas');
INSERT INTO cnae VALUES ('8220', 'N8220', 'Actividades de los centros de llamadas');
INSERT INTO cnae VALUES ('823', 'N823', 'Organización de convenciones y ferias de muestras');
INSERT INTO cnae VALUES ('8230', 'N8230', 'Organización de convenciones y ferias de muestras');
INSERT INTO cnae VALUES ('829', 'N829', 'Actividades de apoyo a las empresas n.c.o.p.');
INSERT INTO cnae VALUES ('8291', 'N8291', 'Actividades de las agencias de cobros y de información comercial');
INSERT INTO cnae VALUES ('8292', 'N8292', 'Actividades de envasado y empaquetado');
INSERT INTO cnae VALUES ('8299', 'N8299', 'Otras actividades de apoyo a las empresas n.c.o.p.');
INSERT INTO cnae VALUES ('O', 'O', '"Administración Pública y defensa');
INSERT INTO cnae VALUES ('84', 'O84', '"Administración Pública y defensa');
INSERT INTO cnae VALUES ('841', 'O841', 'Administración Pública y de la política económica y social');
INSERT INTO cnae VALUES ('8411', 'O8411', 'Actividades generales de la Administración Pública');
INSERT INTO cnae VALUES ('8412', 'O8412', 'Regulación de las actividades sanitarias, educativas y culturales y otros servicios sociales, excepto Seguridad Social');
INSERT INTO cnae VALUES ('8413', 'O8413', 'Regulación de la actividad económica y contribución a su mayor eficiencia');
INSERT INTO cnae VALUES ('842', 'O842', 'Prestación de servicios a la comunidad en general');
INSERT INTO cnae VALUES ('8421', 'O8421', 'Asuntos exteriores');
INSERT INTO cnae VALUES ('8422', 'O8422', 'Defensa');
INSERT INTO cnae VALUES ('P', 'P', 'Educación');
INSERT INTO cnae VALUES ('85', 'P85', 'Educación');
INSERT INTO cnae VALUES ('851', 'P851', 'Educación preprimaria');
INSERT INTO cnae VALUES ('8510', 'P8510', 'Educación preprimaria');
INSERT INTO cnae VALUES ('852', 'P852', 'Educación primaria');
INSERT INTO cnae VALUES ('8520', 'P8520', 'Educación primaria');
INSERT INTO cnae VALUES ('853', 'P853', 'Educación secundaria');
INSERT INTO cnae VALUES ('8531', 'P8531', 'Educación secundaria general');
INSERT INTO cnae VALUES ('8532', 'P8532', 'Educación secundaria técnica y profesional');
INSERT INTO cnae VALUES ('854', 'P854', 'Educación postsecundaria');
INSERT INTO cnae VALUES ('8541', 'P8541', 'Educación postsecundaria no terciaria');
INSERT INTO cnae VALUES ('8543', 'P8543', 'Educación universitaria');
INSERT INTO cnae VALUES ('8544', 'P8544', 'Educación terciaria no universitaria');
INSERT INTO cnae VALUES ('855', 'P855', 'Otra educación');
INSERT INTO cnae VALUES ('8551', 'P8551', 'Educación deportiva y recreativa');
INSERT INTO cnae VALUES ('8552', 'P8552', 'Educación cultural');
INSERT INTO cnae VALUES ('8553', 'P8553', 'Actividades de las escuelas de conducción y pilotaje');
INSERT INTO cnae VALUES ('8559', 'P8559', 'Otra educación n.c.o.p.');
INSERT INTO cnae VALUES ('856', 'P856', 'Actividades auxiliares a la educación');
INSERT INTO cnae VALUES ('8560', 'P8560', 'Actividades auxiliares a la educación');
INSERT INTO cnae VALUES ('Q', 'Q', 'Actividades sanitarias y de servicios sociales');
INSERT INTO cnae VALUES ('86', 'Q86', 'Actividades sanitarias');
INSERT INTO cnae VALUES ('861', 'Q861', 'Actividades hospitalarias');
INSERT INTO cnae VALUES ('8610', 'Q8610', 'Actividades hospitalarias');
INSERT INTO cnae VALUES ('862', 'Q862', 'Actividades médicas y odontológicas');
INSERT INTO cnae VALUES ('8621', 'Q8621', 'Actividades de medicina general');
INSERT INTO cnae VALUES ('8622', 'Q8622', 'Actividades de medicina especializada');
INSERT INTO cnae VALUES ('8623', 'Q8623', 'Actividades odontológicas');
INSERT INTO cnae VALUES ('869', 'Q869', 'Otras actividades sanitarias');
INSERT INTO cnae VALUES ('8690', 'Q8690', 'Otras actividades sanitarias');
INSERT INTO cnae VALUES ('87', 'Q87', 'Asistencia en establecimientos residenciales');
INSERT INTO cnae VALUES ('871', 'Q871', 'Asistencia en establecimientos residenciales con cuidados sanitarios');
INSERT INTO cnae VALUES ('8710', 'Q8710', 'Asistencia en establecimientos residenciales con cuidados sanitarios');
INSERT INTO cnae VALUES ('872', 'Q872', 'Asistencia en establecimientos residenciales para personas con discapacidad intelectual, enfermedad mental y drogodependencia');
INSERT INTO cnae VALUES ('8720', 'Q8720', 'Asistencia en establecimientos residenciales para personas con discapacidad intelectual, enfermedad mental y drogodependencia');
INSERT INTO cnae VALUES ('873', 'Q873', 'Asistencia en establecimientos residenciales para personas mayores y con discapacidad física');
INSERT INTO cnae VALUES ('8731', 'Q8731', 'Asistencia en establecimientos residenciales para personas mayores');
INSERT INTO cnae VALUES ('8732', 'Q8732', 'Asistencia en establecimientos residenciales para personas con discapacidad física');
INSERT INTO cnae VALUES ('879', 'Q879', 'Otras actividades de asistencia en establecimientos residenciales');
INSERT INTO cnae VALUES ('8790', 'Q8790', 'Otras actividades de asistencia en establecimientos residenciales');
INSERT INTO cnae VALUES ('88', 'Q88', 'Actividades de servicios sociales sin alojamiento');
INSERT INTO cnae VALUES ('881', 'Q881', 'Actividades de servicios sociales sin alojamiento para personas mayores y con discapacidad');
INSERT INTO cnae VALUES ('8811', 'Q8811', 'Actividades de servicios sociales sin alojamiento para personas mayores');
INSERT INTO cnae VALUES ('8812', 'Q8812', 'Actividades de servicios sociales sin alojamiento para personas con discapacidad');
INSERT INTO cnae VALUES ('889', 'Q889', 'Otros actividades de servicios sociales sin alojamiento');
INSERT INTO cnae VALUES ('8891', 'Q8891', 'Actividades de cuidado diurno de niños');
INSERT INTO cnae VALUES ('8899', 'Q8899', 'Otros actividades de servicios sociales sin alojamiento n.c.o.p.');
INSERT INTO cnae VALUES ('R', 'R', 'Actividades artísticas, recreativas y de entrenimiento');
INSERT INTO cnae VALUES ('90', 'R90', 'Actividades de creación, artísticas y espectáculos');
INSERT INTO cnae VALUES ('900', 'R900', 'Actividades de creación, artísticas y espectáculos');
INSERT INTO cnae VALUES ('9001', 'R9001', 'Artes escénicas');
INSERT INTO cnae VALUES ('9002', 'R9002', 'Actividades auxiliares a las artes escénicas');
INSERT INTO cnae VALUES ('9003', 'R9003', 'Creación artística y literaria');
INSERT INTO cnae VALUES ('9004', 'R9004', 'Gestión de salas de espectáculos');
INSERT INTO cnae VALUES ('91', 'R91', 'Actividades de bibliotecas, archivos, museos y otras actividades culturales');
INSERT INTO cnae VALUES ('910', 'R910', 'Actividades de bibliotecas, archivos, museos y otras actividades culturales');
INSERT INTO cnae VALUES ('9102', 'R9102', 'Actividades de museos');
INSERT INTO cnae VALUES ('9103', 'R9103', 'Gestión de lugares y edificios históricos');
INSERT INTO cnae VALUES ('9104', 'R9104', 'Actividades de los jardines botánicos, parques zoológicos y reservas naturales');
INSERT INTO cnae VALUES ('9105', 'R9105', 'Actividades de bibliotecas');
INSERT INTO cnae VALUES ('9106', 'R9106', 'Actividades de archivos');
INSERT INTO cnae VALUES ('92', 'R92', 'Actividades de juegos de azar y apuestas');
INSERT INTO cnae VALUES ('920', 'R920', 'Actividades de juegos de azar y apuestas');
INSERT INTO cnae VALUES ('9200', 'R9200', 'Actividades de juegos de azar y apuestas');
INSERT INTO cnae VALUES ('93', 'R93', 'Actividades deportivas, recreativas y de entretenimiento');
INSERT INTO cnae VALUES ('931', 'R931', 'Actividades deportivas');
INSERT INTO cnae VALUES ('9311', 'R9311', 'Gestión de instalaciones deportivas');
INSERT INTO cnae VALUES ('9312', 'R9312', 'Actividades de los clubes deportivos');
INSERT INTO cnae VALUES ('9313', 'R9313', 'Actividades de los gimnasios');
INSERT INTO cnae VALUES ('9319', 'R9319', 'Otras actividades deportivas');
INSERT INTO cnae VALUES ('932', 'R932', 'Actividades recreativas y de entretenimiento');
INSERT INTO cnae VALUES ('9321', 'R9321', 'Actividades de los parques de atracciones y los parques temáticos');
INSERT INTO cnae VALUES ('9329', 'R9329', 'Otras actividades recreativas y de entretenimiento');
INSERT INTO cnae VALUES ('S', 'S', 'Otros servicios');
INSERT INTO cnae VALUES ('94', 'S94', 'Actividades asociativas');
INSERT INTO cnae VALUES ('941', 'S941', 'Actividades de organizaciones empresariales, profesionales y patronales');
INSERT INTO cnae VALUES ('9411', 'S9411', 'Actividades de organizaciones empresariales y patronales');
INSERT INTO cnae VALUES ('9412', 'S9412', 'Actividades de organizaciones profesionales');
INSERT INTO cnae VALUES ('942', 'S942', 'Actividades sindicales');
INSERT INTO cnae VALUES ('9420', 'S9420', 'Actividades sindicales');
INSERT INTO cnae VALUES ('949', 'S949', 'Otras actividades asociativas');
INSERT INTO cnae VALUES ('9491', 'S9491', 'Actividades de organizaciones religiosas');
INSERT INTO cnae VALUES ('9492', 'S9492', 'Actividades de organizaciones políticas');
INSERT INTO cnae VALUES ('9499', 'S9499', 'Otras actividades asociativas n.c.o.p.');
INSERT INTO cnae VALUES ('95', 'S95', 'Reparación de ordenadores, efectos personales y artículos de uso doméstico');
INSERT INTO cnae VALUES ('951', 'S951', 'Reparación de ordenadores y equipos de comunicación');
INSERT INTO cnae VALUES ('9511', 'S9511', 'Reparación de ordenadores y equipos periféricos');
INSERT INTO cnae VALUES ('9512', 'S9512', 'Reparación de equipos de comunicación');
INSERT INTO cnae VALUES ('952', 'S952', 'Reparación de efectos personales y artículos de uso doméstico');
INSERT INTO cnae VALUES ('9521', 'S9521', 'Reparación de aparatos electrónicos de audio y vídeo de uso doméstico');
INSERT INTO cnae VALUES ('9522', 'S9522', 'Reparación de aparatos electrodomésticos y de equipos para el hogar y el jardín');
INSERT INTO cnae VALUES ('9523', 'S9523', 'Reparación de calzado y artículos de cuero');
INSERT INTO cnae VALUES ('9524', 'S9524', 'Reparación de muebles y artículos de menaje');
INSERT INTO cnae VALUES ('9525', 'S9525', 'Reparación de relojes y joyería');
INSERT INTO cnae VALUES ('9529', 'S9529', 'Reparación de otros efectos personales y artículos de uso doméstico');
INSERT INTO cnae VALUES ('96', 'S96', 'Otros servicios personales');
INSERT INTO cnae VALUES ('960', 'S960', 'Otros servicios personales');
INSERT INTO cnae VALUES ('9601', 'S9601', 'Lavado y limpieza de prendas textiles y de piel');
INSERT INTO cnae VALUES ('9602', 'S9602', 'Peluquería y otros tratamientos de belleza');
INSERT INTO cnae VALUES ('9603', 'S9603', 'Pompas fúnebres y actividades relacionadas');
INSERT INTO cnae VALUES ('9604', 'S9604', 'Actividades de mantenimiento físico');
INSERT INTO cnae VALUES ('9609', 'S9609', 'Otras servicios personales n.c.o.p.');
INSERT INTO cnae VALUES ('T', 'T', '"Actividades de los hogares como empleadores de personal doméstico');
INSERT INTO cnae VALUES ('97', 'T97', 'Actividades de los hogares como empleadores de personal doméstico');
INSERT INTO cnae VALUES ('970', 'T970', 'Actividades de los hogares como empleadores de personal doméstico');
INSERT INTO cnae VALUES ('9700', 'T9700', 'Actividades de los hogares como empleadores de personal doméstico');
INSERT INTO cnae VALUES ('98', 'T98', 'Actividades de los hogares como productores de bienes y servicios para uso propio');
INSERT INTO cnae VALUES ('981', 'T981', 'Actividades de los hogares como productores de bienes para uso propio');
INSERT INTO cnae VALUES ('9810', 'T9810', 'Actividades de los hogares como productores de bienes para uso propio');
INSERT INTO cnae VALUES ('982', 'T982', 'Actividades de los hogares como productores de servicios para uso propio');
INSERT INTO cnae VALUES ('9820', 'T9820', 'Actividades de los hogares como productores de servicios para uso propio');
INSERT INTO cnae VALUES ('U', 'U', 'Actividades de organizaciones y organismos extraterritoriales');
INSERT INTO cnae VALUES ('99', 'U99', 'Actividades de organizaciones y organismos extraterritoriales');
INSERT INTO cnae VALUES ('990', 'U990', 'Actividades de organizaciones y organismos extraterritoriales');
INSERT INTO cnae VALUES ('9900', 'U9900', 'Actividades de organizaciones y organismos extraterritoriales');


--
-- TOC entry 3328 (class 0 OID 17292)
-- Dependencies: 209
-- Data for Name: empresas; Type: TABLE DATA; Schema: public; Owner: -
--

INSERT INTO empresas VALUES ('A82018474', 'TELEFÓNICA DE ESPAÑA, S.A.U.', '6110', 'www.telefonica.es', 7708196000, 'Murcia', 'Calle San Antón, 4, 1ª Planta', 30009, '+34900506225 - +34679611045', 'joseluis.lanzarotegomez@telefonica.com', 1998);
INSERT INTO empresas VALUES ('A28599033', 'INDRA SISTEMAS, S.A.', '6209', 'www.indracompany.com', 1080125000, 'Fuente Álamo de Murcia', 'Carretera El Estrecho - Lobosillo, Km. 0002 (Estrecho (El))', 30320, '34968149840', 'vserranoc@indra.es', 1979);
INSERT INTO empresas VALUES ('B82387770', 'EVERIS SPAIN, S.L.U.', '6202', 'www.everis.com', 957661000, 'Murcia', 'Avenida Juan Carlos I, s/n, Edificio Torre de Cristal. Bjo (Espinardo)', 30100, '34968498100', 'dmrspain-marketing@dmr-consulting.com', 1999);
INSERT INTO empresas VALUES ('A79365821', 'TECNOLOGIAS Y SERVICIOS AGRARIOS, S.A.', '7112', 'www.tragsa.es', 395378000, 'Murcia', 'Calle Molina de Segura, 3, 3º', 30007, '34968299648', NULL, 1990);
INSERT INTO empresas VALUES ('B08377715', 'CAPGEMINI ESPAÑA, S.L.U.', '6209', 'www.es.capgemini.com', 303767000, 'Murcia', 'Lugar Urban Center, Camino Nelva, 1, Torre B Plantas 2-7', 30006, '34968285522', 'lisardo.romero-barrera@capgemini.com', 1975);
INSERT INTO empresas VALUES ('B30701924', 'DEPAU SISTEMAS, S.L.', '6202', 'www.depau.com', 207741962, 'Murcia', 'Avenida Don Juan Borbón, 100, Bajo (Santiago y Zaraiche)', 30007, '34968506619', 'depaupro@depau.com', 1995);
INSERT INTO empresas VALUES ('B78016375', 'PRICEWATERHOUSECOOPERS ASESORES DE NEGOCIOS, S.L.', '6202', 'www.pwc.com/es', 190633955, 'Murcia', 'Avenida Teniente Montesinos, 10, Pl. 15 Ed. Torre Godoy', 30100, '34902021111', 'mario_alfonso.cruz.vega@es.pwc.com', 1985);
INSERT INTO empresas VALUES ('A28171288', 'TECNICA Y PROYECTOS, S.A.', '7112', 'www.typsa.com', 164729958, 'Murcia', 'Calle Madre Paula Gil Cano, 2, 7ª plta. Edf. Jemeca (Murcia)', 30009, '34968282470', 'murcia@typsa.es', 1966);
INSERT INTO empresas VALUES ('B95087482', 'OESIA NETWORKS, S.L.', '6209', 'www.oesia.com', 110691000, 'Murcia', 'Carril de la Condesa, 58, 4º', 30010, '34968270624', 'gmarquina@oesia.com', 2000);
INSERT INTO empresas VALUES ('B84861178', 'EVERIS CENTERS, S.L.', '6202', 'www.everis.com', 100242000, 'Murcia', 'Avenida Juan Carlos I, s/n, Edificio Torre de Cristal. Bjo (Espinardo)', 30100, '34968498100', 'francisco.carpe.garcia@everis.com', 2006);
INSERT INTO empresas VALUES ('A78032315', 'SUMINISTROS IMPORTACIONES Y MANTENIMIENTOS ELECTRONICOS, S.A', '6209', 'http://www.sermicro.com', 91313000, 'Murcia', 'Calle ESCULTOR JOSE PLANES, BAJO, 3, 2 (Espinardo)', 30100, '34609615713', 'franciscomartinezmancebo@sermicro.com', NULL);
INSERT INTO empresas VALUES ('A97929566', 'NUNSYS, S.A.', '6209', 'www.nunsys.com', 44889218, 'Murcia', 'Calle Villa Cisneros, 3, Bajo', 30007, '+34902881626 - +34666577550', 'info@nunsys.com', NULL);
INSERT INTO empresas VALUES ('B60390192', 'NEORIS ESPAÑA, S.L.', '6202', 'www.neoris.com', 44488062, 'Murcia', 'Avenida Doctor Pedro Guillén, s/n, Edificio Marla Center', 30100, '34912112300', 'david.lujan@neoris.com', 1993);
INSERT INTO empresas VALUES ('B73791071', 'DIGITAL THINGS, S.L.', '5821', 'codigames.com', 38108218, 'Molina de Segura', 'Calle Serrerías, 2, 4A (Molina de Segura)', 30500, '34656850240', 'francisco.margom@codigames.com', 2013);
INSERT INTO empresas VALUES ('A73012569', 'EMURTEL, S.A.', '6190', 'www.emurtel.es - https://www.grupoetra.com/', 32128000, 'Murcia', 'Avenida El Palmar, 530 (Palmar (El) O Lugar de Don Juan)', 30120, '+34968901100 - +34646494617', 'ja.lopez@emurtel.com - etra@grupoetra.com', 1998);
INSERT INTO empresas VALUES ('B98064462', 'LABERIT SISTEMAS, S.L.', '6209', 'http://www.alfatecsistemas.es', 28835255, 'Murcia', 'Plaza Cetina, 6, E-1', 30001, '+34649621453 - +34960075817', 'sgomez@alfatecsistemas.es - sgomez@laberit.com', 2008);
INSERT INTO empresas VALUES ('B30086318', 'ELECTROMAIN ELECTRÓNICA INDUSTRIAL, S.L.', '4652', 'www.electromain.com', 13232173, 'Molina de Segura', 'Polígono Industrial El Tapiado. CL Conserva, s/n', 30500, '34968389005', 'electromain@electromain.com', 1985);
INSERT INTO empresas VALUES ('B73853715', 'BUBBLEFIRE, S.L.', '4643', NULL, 13197127, 'Lorquí', 'Calle Castillo de Monteagudo, 13, Centro de Negocios', 30564, '34968362800', NULL, 2014);
INSERT INTO empresas VALUES ('B73648917', 'CITY STORE, S.L.', '4651', 'www.depau.com', 12546683, 'Cartagena', 'Avenida Del Carbono, 46, PARC 95', 30369, '34968506619', NULL, 2009);
INSERT INTO empresas VALUES ('B73526360', 'INFORGES IT SERVICES, S.L.', '4666', 'www.inforges.es', 12155987, 'Murcia', 'Calle Vicente Aleixandre, 13, Ed. II Torres', 30391, '+34968350011 - +34679843553', 'inforges@inforges.es', 2007);
INSERT INTO empresas VALUES ('B30856439', 'ODILO TID, S.L.', '6201', 'http://www.odilo.es - http://www.odilo.us', 11651761, 'Cartagena', 'Avenida Luxemburgo. C.E. Cartagena Plaza, s/n, 6ª', 30353, '+34968082080 - +34606829270', 'empresa@odilotid.es - asg@odilotid.es', 2011);
INSERT INTO empresas VALUES ('A73831604', 'KIO NETWORKS ESPAÑA, S.A.', '6202', 'http://www.kionetworks.com', 11643495, 'Murcia', 'Calle Santiago Navarro , 8', 30100, '34868011200', 'contacto@kionetworks.com', 2014);
INSERT INTO empresas VALUES ('A30027726', 'LEVANTUR, S.A.', '6420', 'www.grupo-pinero.com', 10852945, 'Murcia', 'Calle Santa Catalina, 3, 4º A', 30004, '34971787000', NULL, 1977);
INSERT INTO empresas VALUES ('B30766620', 'METAENLACE SISTEMAS DE INFORMACIÓN, S.L.', '6201', 'www.metaenlace.com', 10669232, 'Murcia', 'Carril de la Condesa, 22, bajo', 30010, '34968252072', 'tomas.zamora@metaenlace.com - info@metaenlace.com', 2003);
INSERT INTO empresas VALUES ('B30542849', 'H. M. HISPAMICRO SISTEMAS INFORMATICOS, S.L.', '4651', 'http://www.hispamicro.com', 10396956, 'Alcantarilla', 'Polígono Industrial Oeste. Avenida de Las Américas, 1, Parcela 1-16. Nave C 6', 30820, '+34968350123 - +34968393101', 'info@hispamicro.com', 1997);
INSERT INTO empresas VALUES ('B73373862', 'MOVILDATA INTERNACIONAL, S.L.', '6209', 'www.movildata.com', 10351386, 'Murcia', 'Calle Carril de la Condesa, 58, 8ª (Patiño)', 30010, '+34626480179 - +34968225511', 'administracion@movildata.com', 2005);
INSERT INTO empresas VALUES ('B30065668', 'COPIMUR, S.L.', '4741', 'https://novac.es/', 8006463, 'Alcantarilla', 'Polígono Industrial Oeste. C/ Ecuador, Parcela 5/10', 30820, '+34868944995 - +34968248938', 'copimur@copimur.es - info@novac.es', 1983);
INSERT INTO empresas VALUES ('B73191330', 'PATRIMONIO INTELIGENTE, S.L.', '4399', 'www.patrimoniointeligente.com', 6951939, 'Lorca', 'Calle Rincón de Telares, 15, 1º B', 30800, '34968472199', 'info@patrimoniointeligente.com', 2002);
INSERT INTO empresas VALUES ('B73966277', 'ATAA INTERACTIVE, S.L.', '7311', 'https://ataacars.com/es/ - http://www.cocheselectricosninos.com', 6847083, 'Águilas', 'Polígono Industrial Labradorcico. C/ del Cuervo, 3', 30880, '+34968411444 - +34633688047', 'maria@ataa.es', 2017);
INSERT INTO empresas VALUES ('B62131875', 'ENGINYERIA MAPEX, S.L.U.', '6201', NULL, 6639461, 'Murcia', 'Avenida de La Fama, 3', 30003, '34672107520', 'oliso@mapex.es', 1999);
INSERT INTO empresas VALUES ('B59843920', 'STACKS CONSULTING E INGENIERIA EN SOFTWARE, S.L.', '6202', 'www.stacks.es', 6175871, 'Murcia', 'Calle Molina de Segura, 5, 1º A', 30007, '+34902343634 - +34690831183', 'administracion@stacks.es', 1991);
INSERT INTO empresas VALUES ('B30330104', 'DISTRIBUCIONES NOTARIALES, S.L.', '4741', 'www.notin.net', 5997109, 'Murcia', 'Avenida Severo Ochoa, B1, Edif. Parque Imperial (Espinardo)', 30100, '34968858078', 'distribuciones@notin.net', 1992);
INSERT INTO empresas VALUES ('B98117823', 'AC HIERROS MASS MURCIA, S.L.', '4672', NULL, 5893494, 'Mula', 'Polígono Industrial El Arreaque. Calle De Acceso, 2', 30170, '34968660795', 'info@achierros.com', 2009);
INSERT INTO empresas VALUES ('B73088700', 'ALPRED, S.L.', '6312', 'www.tiempo.com', 5589376, 'Lorca', 'Calle Mayor, 46 (Almendricos)', 30893, '34968485304', 'juanjo@tiempo.com', 2000);
INSERT INTO empresas VALUES ('B73696957', 'TECNOLOGÍAS DE LA INFORMACIÓN Y LA COMUNICACIÓN APLICACIONES Y REDES PARA LA UNIVERSIDAD DE MURCIA, S.L.', '6209', 'www.ticarum.es', 5416078, 'Murcia', 'Paseo Teniente Flomesta, 5, Ed. Convalecencia', 30003, '34868889090', 'info@ticarum.es', 2011);
INSERT INTO empresas VALUES ('B30900542', 'INVERFRESH MARKETING, S.L.', '4631', 'https://www.gladiatorfruitlovers.com/', 4760395, 'Torre-Pacheco', 'Calle Hernán Cortés, 1', 30709, '+34650223624 - +34968409551', 'inverfreshmarket@gmail.com', 2016);
INSERT INTO empresas VALUES ('B30718183', 'T.D.I. TECNICAS DE INGENIERIA, S.L.', '2651', 'https://gesinflot.com/', 4509623, 'Murcia', 'Avenida Teniente Montesinos, 8, EDIFICIO Z, 6ª PLATA (Espinardo)', 30100, '+34968899910 - +34902204045', 'gines.hernandez@tecnicasdeingenieria.es', 1997);
INSERT INTO empresas VALUES ('B73766883', 'MINDEREST, S.L.', '6201', 'MINDEREST.COM', 4439106, 'Murcia', 'Calle Central, 13, Edificio Torre Godoy, 7º A (Espinardo)', 30100, '34868075490', 'ENRIQUE.TORNEL@MINDEREST.COM', 2012);
INSERT INTO empresas VALUES ('B30562425', 'SEGURA RUIZ INVERSIONES S.L.', '4676', NULL, 4277712, 'Molina de Segura', 'Polígono Industrial de la Polvorista. CL la Gloria, s/n', 30500, '+34968386105 - +34968459810', 'seguraruiz@telefonica.net', 1997);
INSERT INTO empresas VALUES ('B81440810', 'MAMVO PERFORMANCE, S.L.', '6209', 'www.antevenio.com', 4050170, 'Molina de Segura', 'Calle América del Sur, s/n', 30500, '34622187711', 'manuela.soto@fruchtimport-rosenland.de', 1996);
INSERT INTO empresas VALUES ('B86438140', 'DIGISANSE, S.L.', '4652', NULL, 3559425, 'Murcia', 'Paseo Ingeniero Sebastián Feringan, 14, B', 30007, '34660084447', 'carlos.llamas@digisanse.com', NULL);
INSERT INTO empresas VALUES ('B73490872', 'UTOPIUX INGENIERIA INFORMATICA, S.L', '4741', 'www.utopiux.com', 3540100, 'Murcia', 'Avenida Don Juan de Borbón, 83, Bajo', 30007, '+34968900666 - +34968224152', 'info@utopiux.com', 2006);
INSERT INTO empresas VALUES ('B30566897', 'HEFAME INFORMÁTICA, S.L.', '6203', 'www.hefame.es', 3465056, 'Santomera', 'Carretera de Abanilla, Km. 158', 30140, '34968277518', 'hi@hefame.es', 1997);
INSERT INTO empresas VALUES ('B30912471', 'VILLAS ALEJANDRA PILAR, S.L.', '4110', NULL, 3452326, 'Alcázares (Los)', 'Avenida Trece De Octubre, 31', 30710, NULL, NULL, 2017);
INSERT INTO empresas VALUES ('B73824690', '2014 COINFRU, S.L.', '4321', NULL, 3426060, 'Murcia', 'Calle Balsicas, 3 (Alquerías)', 30580, '34605927190', NULL, 2014);
INSERT INTO empresas VALUES ('B30218531', 'METODOS Y DESARROLLOS, S.L.', '6201', 'www.metodosydesarrollos.com', 2971320, 'Murcia', 'Calle Pintor Muñoz Barberan (Infante J Manuel), 1, BJ', 30011, '34976336146', NULL, 1989);
INSERT INTO empresas VALUES ('B73615650', 'AGEDOS BUSINESS DATACENTER, S.L.', '6209', 'www.age2.es', 2869208, 'Murcia', 'Calle Central, 10, Ed. Azor 1ª planta (Espinardo)', 30100, '+34968000777 - +34620839050', 'info@age2.es', 2009);
INSERT INTO empresas VALUES ('B73063851', 'KARKEMIS MEDIOAMBIENTAL, S.L.', '6209', 'www.karkemis.es', 2864749, 'Molina de Segura', 'Polígono Industrial La Polvorista. C/ Moratalla, Nave 5-6', 30500, '34968389117', 'info@karkemis.es', 1999);
INSERT INTO empresas VALUES ('B30113427', 'NEW CENTER SYSTEM, S.L.', '6201', 'http://www.ncs.es', 2823116, 'Murcia', 'Calle Pintor Muñoz Barberán, 1, Bjo', 30011, '+34968267222 - +34968350200', 'central@ncs.es', 1986);
INSERT INTO empresas VALUES ('B83700534', 'DL & L ENGINEERING SERVICES, S.L.', '8299', NULL, 2818733, 'Cartagena', 'Calle Jara. Ed Gran Hotel, 31, PISO 2 D', 30201, NULL, NULL, 2003);
INSERT INTO empresas VALUES ('B30912463', 'VILLAS PERI CAMPOMAR, S.L.', '4110', NULL, 2813117, 'Alcázares (Los)', 'Avenida Trece De Octubre, 31', 30710, NULL, NULL, 2017);
INSERT INTO empresas VALUES ('B73811424', 'ALTERNA TECNOLOGÍAS, S.L.', '4222', 'www.alternatecno.es', 2772216, 'Murcia', 'Calle Plano de San Francisco, 4, Bajo', 30004, '34968858686', 'jm.garcia@alternatecno.es', 2013);
INSERT INTO empresas VALUES ('B30474100', 'PORTAVOZ DE COMUNICACIONES INTEGRADAS, S.L.', '7311', 'www.portavoz.net', 2631634, 'Murcia', 'Plaza de los Apóstoles, 5, Entlo.', 30001, '34968217060', 'administracion@portavoz.net', 1995);
INSERT INTO empresas VALUES ('B73041279', 'SYSMAN LEVANTE, S.L.L.', '9511', 'www.sysmanlevante.es', 2565072, 'Murcia', 'Polígono Industrial Oeste. C/ Amistad, Par.19. Nave A-6 (San Gines)', 30169, '+34968889230 - +34620236656', 'recursos.humanos@sysmanlevante.es', 1999);
INSERT INTO empresas VALUES ('B30120794', '4 GL, S.L.', '6201', 'www.4glsp.com', 2465506, 'Murcia', 'Avenida Real Academia de Medicina, 1B', 30009, '+34968274208 - +34902158520', 'acarrasco@4glsp.com', 1987);
INSERT INTO empresas VALUES ('B73137051', 'NILMOTO ACCESORIOS, S.L.U.', '4532', 'www.nilmoto.com', 2437234, 'Puerto Lumbreras', 'Calle Algezares, 14', 30890, '+34868188704 - +34647538312', 'nilmoto@nilmoto.com', 2001);
INSERT INTO empresas VALUES ('B73134504', 'AZURITA SYSTEM, S.L.', '6190', 'www.azuritasystem.com', 2284749, 'Totana', 'Plaza Narciso Yepes, 2', 30850, '34968427619', 'ventas@azuritasystem.com', 2001);
INSERT INTO empresas VALUES ('B73320715', 'IPV6 INFORMATICA, S.L', '6209', 'www.ipv6-informatica.es - www.portwimax.com', 2244157, 'Murcia', 'Calle Farmaceutico Antonio Carazo Villar, 16, 3ºB (Puente Tocinos)', 30006, '+34868956133 - +34968006000', 'ipv6-ipv6@ipv6-informatica.es', 2004);
INSERT INTO empresas VALUES ('B73930109', 'VIRTUAL LEMON, S.L.', '7729', 'www.virtuallemon.com', 2226588, 'Murcia', 'Calle San Vicente de Paul, 6 (Zarandona)', 30100, '34968308309', 'egutierrez@zambudio.es', 2016);
INSERT INTO empresas VALUES ('B73449290', 'BUSINESS INTELLIGENCE TECHNOLOGY, S.L.', '6202', 'www.bitec.es', 2141359, 'Murcia', 'Calle Senda de Granada, 31 (Espinardo)', 30100, '+34968243235 - +34670858484', 'bitec@bitec.es - admon@bitec.es', 2006);
INSERT INTO empresas VALUES ('B30053003', 'GISPERT GENERAL DE INFORMATICA Y CONTROL, S.L.', '4666', 'www.gispert.eu', 2056477, 'Alcantarilla', 'Polígono Industrial Oeste. Av. de las Américas. Parc. 1/16, nave, C6', 30820, '+34968250477 - +34900845900', 'JR.VERA@GISPERT.EU', 1982);
INSERT INTO empresas VALUES ('B73816589', 'HOP UBIQUITOUS, S.L.', '6201', 'https://hopu.eu/ - http://www.libelium.com', 1962423, 'Ceutí', 'Calle Luis Buñuel, 6', 30562, '+34627228126 - +34868923923', 'info@hopu.eu', 2013);
INSERT INTO empresas VALUES ('B73422180', 'LUNIA CONSULTORES, S.L.', '6202', 'http://www.lunia.es', 1914689, 'Murcia', 'Avenida Teniente Montesinos, 8, Edf. INTI, Torre A 1, Pl, Izq. (Espinardo)', 30100, '34968902606', 'administracion@lunia.es', 2006);
INSERT INTO empresas VALUES ('B05552302', 'MAKOKIS DIGITALS, S.L.', '7311', NULL, 1884247, 'Alhama de Murcia', 'Avenida Gines Campos, 25', 30840, '34686802663', NULL, 2019);
INSERT INTO empresas VALUES ('A78851961', 'DIGIMASTER, S.A.', '4321', 'www.digimaster.es', 1830411, 'Murcia', 'Calle Mayor, 32, 1º (Espinardo)', 30100, '+34968858685 - +34968350005', 'info@digimaster.es', 1988);
INSERT INTO empresas VALUES ('B73161556', 'MASTERSOFT 2000, S.L.', '4741', 'www.master-informatica.com', 1810567, 'Murcia', 'Calle Deportista Jesús Hernández Tito , 5, 1º (Espinardo)', 30100, '34968308400', 'administracion@master-informatica.com', 2001);
INSERT INTO empresas VALUES ('B30923882', 'AED VANTAGE, S.L.', '6209', 'http://www.aed-embedded.com', 1807230, 'Fuente Álamo de Murcia', 'Parque Tecnológico de Fuente Álamo. Edif. Ingenia, 3ª Planta, 21, ESC 1 PISO 3 (Estrecho (El))', 30332, '+34868454588 - +34644717391', 'info@aed-vantage.com', 2019);
INSERT INTO empresas VALUES ('B73675753', 'DAEMON4, S.R.L.', '6202', 'http://www.daemon4.com', 1787939, 'Yecla', 'Calle del Carmen, 22, Entresuelo', 30510, '34968718241', 'juan.frances@daemon4.com', 2010);
INSERT INTO empresas VALUES ('B30489959', 'BERNARDO GIL SÁNCHEZ, S.L.', '4321', 'www.conelectric.es', 1758176, 'Molina de Segura', 'Polígono Industrial La Estrella. C/ Aldebarán, 34', 30500, '+34968603107 - +34664075969', 'administracion@conelectric.es - tecnica@conelectric.es', 1996);
INSERT INTO empresas VALUES ('B73523623', 'DIGIO SOLUCIONES DIGITALES, S.L.', '6209', 'www.digio.es', 1730056, 'Murcia', 'Avenida Juan Carlos I, Ed. JC1. Planta 16', 30100, '34868611206', 'juan@digio.es - info@digio.es', 2007);
INSERT INTO empresas VALUES ('B05509641', 'CONNECTIF ARTIFICIAL INTELLIGENCE, S.L.', '6201', 'https://connectif.ai', 1722358, 'Murcia', 'Edificio Campus Universitario Espinardo, 7 (Espinardo)', 30100, '+34968935520 - +34674994928', 'info@connectif.es', NULL);
INSERT INTO empresas VALUES ('B73988503', 'ITRESIT SOLUCIONES INFORMÁTICAS, S.L.', '6209', 'https://www.itresit.es', 1707432, 'Alcantarilla', 'Polígono Industrial Oeste. C/ Uruguay, s/n, Par. 13. Nave 10', 30820, '+34627450259 - +34868300513', 'contacto@itresit.es - marketing@itresit.es', 2018);
INSERT INTO empresas VALUES ('B30763957', 'TICOMSA SISTEMAS, S.L.', '6202', 'www.ticomsa.com', 1672590, 'Cartagena', 'Polígono Industrial Cabezo Beaza. C/ Budapest, Parc. 108, AC 2100', 30353, '34968324228', 'administracion@ticomsa.com', 2003);
INSERT INTO empresas VALUES ('B73013740', 'PERLA AZABACHE, S.L.', '4777', 'https://www.tictacarea.com/', 1672119, 'Molina de Segura', 'Paseo Rosales, 14', 30500, '+34968641556 - +34600727782', 'info@tictacarea.com', 1998);
INSERT INTO empresas VALUES ('B73799413', 'PUNTOEXE & ULTIMATEWEB, S.L.', '4741', 'www.wipoid.com', 1624588, 'Cieza', 'Calle Constitución, 26, Bajo', 30530, '34649814227', 'miguelangel@wipoid.com', 2013);
INSERT INTO empresas VALUES ('B73025884', 'ELECTROINTEGRACION, S.L.', '4652', 'www.electromain.com', 1613391, 'Molina de Segura', 'Polígono Industrial El Tapiad. C/ Almendro, s/n', 30500, '+34968389005 - +34968676949', NULL, 1999);
INSERT INTO empresas VALUES ('B73856452', 'BORECOM NETWORKS, S.L.', '6190', 'https://www.borecom.com', 1595859, 'Ceutí', 'Calle MAESTRO RODRIGO, 16, Bajo', 30562, '34968105080', 'sergio@borecom.com', 2014);
INSERT INTO empresas VALUES ('B30352785', 'LOGIC MURCIA, S.L.', '4741', 'www.logicmurcia.com', 1568881, 'Murcia', 'Calle Palma de Mallorca, 6, Bjo', 30009, '34968283737', 'correo@logicmurcia.com', 1992);
INSERT INTO empresas VALUES ('B30727812', 'LINKER 2000, S.L', '5610', 'www.restaurantemaloca.es', 1550340, 'Cartagena', 'Calle Cañón, 13, Bajo', 30202, '34968320808', 'carlos.romero@overtel.com', 1998);
INSERT INTO empresas VALUES ('B42655126', 'EXETEN MEDITERRÁNEO, S.L.', '6202', 'https://wautechnologies.com/', 1517688, 'Murcia', 'Calle Senda de Granada , 133, 1º (Churra)', 30110, '+34647532490 - +34968929770', 'nacho.pastor@wautechnologies.com', NULL);
INSERT INTO empresas VALUES ('B73845893', 'ODIN SOLUTIONS, S.L.', '7112', 'www.odins.es', 1505258, 'Murcia', 'Calle Palma de Mallorca, 2', 30009, '+34902570121 - +34868123395', 'info@odins.es', 2014);
INSERT INTO empresas VALUES ('B98831712', 'OESIA SERVICIOS AGENCIA FINANCIERA, S.L.', '6209', 'www.oesia.com', 1496043, 'Murcia', 'Calle Carril La Conde sa (Murcia-Ermita Patiño), 58, ED PROCONSA. PLT 4,', 30010, '34913098600', NULL, 2016);
INSERT INTO empresas VALUES ('B73923088', 'MEDICINA AVANZADA DE CALIDAD, S.L.', '4646', NULL, 1485477, 'Murcia', 'Calle Catedrático Fernando Piñuela. , 1, BJ', 30009, NULL, 'mcmoreno@medavanca.com', 2016);
INSERT INTO empresas VALUES ('B73797854', 'WISP EUROPE,, S.L.', '6190', NULL, 1483453, 'Jumilla', 'Calle Pasos, 30', 30520, '+34968782804 - +34910800910', NULL, 2013);
INSERT INTO empresas VALUES ('B30424857', 'CEGASI, S.L.', '7022', 'www.gsautobat.com', 1478926, 'Murcia', 'Calle Huerto Cadenas, 4, 5A (Espinardo)', 30009, '34968879970', 'javier.silvestre@gsautobat.com', 1994);
INSERT INTO empresas VALUES ('B73241473', 'DEMASERVICE PROYECTOS INTEGRALES, S.L.', '4321', 'www.demaservice.es', 1433977, 'Murcia', 'Carril Rabadan, 17, BAJO (Guadalupe)', 30107, '34968247503', 'rosario.mellado@demaservice.es', 2003);
INSERT INTO empresas VALUES ('B73351520', 'NUEVOS SISTEMAS TECNOLÓGICOS, S.L.', '6201', 'https://www.navilens.com/es/', 1413901, 'Murcia', 'Calle Central, 10 (Espinardo)', 30100, '+34968277415 - +34667667250', 'info@navilens.com', 2005);
INSERT INTO empresas VALUES ('B73344020', 'GRUPO SYS4NET, S.L.', '6312', 'www.sys4net.com', 1385714, 'Alcantarilla', 'Parque Empresarial Magalia. C/ Uruguay, Parcela 13', 30820, '+34968416471 - +34902929242', 'enrique.adamuz@gruposys4net.com', 2005);
INSERT INTO empresas VALUES ('B30811814', 'GISPERT BUSINESS, S.L.', '4652', 'www.toshibamurcia.es', 1385394, 'Murcia', 'Polígono Industrial Camposol. C/ Mayor, 53, Nave 2 (Puente Tocinos)', 30006, '+34968250477 - +34968966794', 'info@toshibamurcia.es', 2007);
INSERT INTO empresas VALUES ('B30878177', 'INGENIERIA DE REHABILITACION INTEGRAL DEL LEVANTE, S.L.', '4110', NULL, 1366640, 'Alcázares (Los)', 'Calle del Álamo, 9', 30710, '+34968182533 - +34968186176', NULL, 2013);
INSERT INTO empresas VALUES ('B73898108', 'LAB TOP, S.L.U.', '7311', NULL, 1365289, 'Murcia', 'Avenida JUAN CARLOS I, 55 (Murcia)', 30100, '34633592970', 'administracion@labtopsistemas.com', NULL);
INSERT INTO empresas VALUES ('B73753790', 'SOFKIA CONSULTORÍA Y DESARROLLO, S.L.', '6209', 'www.sofkia.es', 1364555, 'Murcia', 'Calle Madre Paula Gil Cano, 2, Ed. Torre Jemec, 1º Izqd.', 30009, '+34671082228 - +34968909745', 'rcartagena@sofkia.es', 2012);
INSERT INTO empresas VALUES ('B73352635', 'VÓCALI SISTEMAS INTELIGENTES, S.L.', '6209', 'www.vocali.net', 1329693, 'Murcia', 'Lugar Parque Científico Murcia. Crta. Madrid , Km. 388 (Espinardo)', 30100, '+34968277841 - +34868954437', 'info@vocali.net', 2005);
INSERT INTO empresas VALUES ('B73739922', 'CUATROCUBOS E-TECNOLOGÍA, S.L.', '6209', NULL, 1325656, 'Murcia', 'Calle Arquitecto Emilio Pérez Piñero, 12, Bajo', 30007, '34672682692', 'info@4cubos.com', 2012);
INSERT INTO empresas VALUES ('B73656142', 'COAVANTIA, S.L.', '4673', 'www.coavantiastone.com', 1313780, 'Murcia', 'Calle Fernando Alonso Navarro, 12, 7ª Planta', 30009, '+34968972648 - +34693377762', NULL, 2010);
INSERT INTO empresas VALUES ('B30850002', 'GESTORA DE RESIDUOS 2010, SL', '3811', NULL, 1302431, 'Murcia', 'Calle Molina De Segura, 5, Bloque 4, 1º A (Puente Tocinos)', 30007, '+34868600004 - +34676661850', 'afernandez@europeacrt.com', 2010);
INSERT INTO empresas VALUES ('B73127664', 'TEKU SYSTEMS, S.L.', '4741', 'http://tekusys.io', 1281232, 'San Javier', 'Polígono El Dulce. Crta. de San Cayetano, s/n (Mirador (El))', 30739, '+34691960545 - +34968174811', 'info@tekusys.io', 2001);
INSERT INTO empresas VALUES ('B73340291', 'HUMANO SOFTWARE, S.L.', '6203', 'www.humanosoftware.com', 1248179, 'Murcia', 'Calle Olmo, 2, Bajo (Espinardo)', 30100, '+34968882737 - +34968972399', 'lopd@humanosoftware.com', 2004);
INSERT INTO empresas VALUES ('B30442016', 'JNC SISTEMAS INFORMÁTICOS, S.L.', '4741', 'www.jnc.es', 1213330, 'San Javier', 'Calle Trovero Marín, 5', 30730, '34968191141', 'jnc@jnc.es', 1995);
INSERT INTO empresas VALUES ('B73493850', 'INFOMICRO COMUNICACIONES, S.L.', '4651', 'www.suabogadoenmurcia.es', 1202315, 'Murcia', 'Calle Gabriel García Marquez, s/n (Espinardo)', 30100, '+34968838953 - +34968286383', 'infomicro@infomicro.es', 2007);
INSERT INTO empresas VALUES ('B30747679', 'INPROSYSTEM, S.L.', '2512', 'www.inprosystem.es - ecoflame.es', 1180034, 'Fuente Álamo de Murcia', 'Carretera El Escobar, Km. 5,8. A.C. 23', 30320, '+34968598269 - +34629078609', 'info@inprosystem.es', 2001);
INSERT INTO empresas VALUES ('B73045676', 'MAKING PROCESSES, S.L.', '6420', 'www.integrafmagenta.com', 1172146, 'Murcia', 'Calle Paralela a Antonio Abellan', 30007, '34968644075', 'mgonzalez@imnova.com - correo@integrafmagenta.com', 1999);
INSERT INTO empresas VALUES ('B73538522', 'TELEMATEL PROYECTOS, S.L.', '4651', 'www.globalis.es', 1149149, 'Murcia', 'Calle Primero de Mayo, 24, 2ºF', 30012, '34902020421', 'INFO@GLOBALIS.ES', 2007);
INSERT INTO empresas VALUES ('B73614364', 'COKIDOO STUDIOS, S.L.', '6209', NULL, 1099837, 'Murcia', 'Calle Teniente Gral Gutierrez Mellado, 9, 3º', 30008, '34660640263', 'contact@cokidoo.com', 2009);
INSERT INTO empresas VALUES ('B30696702', 'SENSEI TECNOLOGÍAS DE LA INFORMACIÓN, S.L.', '4651', 'www.sensei.es', 1087646, 'Cartagena', 'Calle Ingeniero de la Cierva, 7, Bajo', 30203, '+34968529369 - +34630927250', 'sensei@sensei.es', 1994);
INSERT INTO empresas VALUES ('B54331137', 'CREAMUN NETWORK, S.L.', '4730', NULL, 1083776, 'Caravaca de la Cruz', 'Calle Calasparra. CTRA RM-517 , S/N, PARAJE DE LA CAYETANA', 30400, '+34968089063 - +34671613730', 'cehegingas@murciaoil.com', 2008);
INSERT INTO empresas VALUES ('B30744338', 'NEDATEC CONSULTING, S.L.', '6202', 'www.nedatec.com', 1059478, 'Murcia', 'Polígono Industrial Oeste. C/ Cardenal Belluga, Par. 30.1. Ed. Mundo. 2º B (San Gines)', 30169, '+34968826821 - +34968826822', 'administracion@nedatec.com - nedatec@nedatec.com', 2000);
INSERT INTO empresas VALUES ('B73261836', 'SIMGEST SOLUTIONS, S.L.', '6201', 'www.simgest.net', 1052671, 'Yecla', 'Calle Pío Baroja, 7, Bajo', 30510, '34968718616', 'INFO@SIMGEST.NET', 2003);
INSERT INTO empresas VALUES ('B73827495', 'DISPLAYNOTE TECHNOLOGIES, S.L.', '5920', NULL, 1039983, 'Murcia', 'Calle Doctor José López Alemán, 2, 2º C', 30004, '34968202699', NULL, 2014);
INSERT INTO empresas VALUES ('B30391429', 'DATABYTES SOFTWARE, S.L.', '4741', 'www.data-bytes.com', 1033797, 'Molina de Segura', 'Calle El Salvador, 10, Bjo', 30500, '34968644264', 'databytes@data-bytes.com', 1993);
INSERT INTO empresas VALUES ('B30354732', 'TOTANA MEDIA 89, S.L.', '1520', 'www.totana.com', 1022234, 'Totana', 'Calle Balsón de Guillen, 1, 6º', 30850, '34968421108', 'direccion@calzadosolimpia.com', 1993);
INSERT INTO empresas VALUES ('B73997207', 'SYSTEMPIN CONTROL DE PRESENCIA, S.L.', '4652', 'www.systempin.com', 1021331, 'Jumilla', 'Calle Eliseo Guardiola Valero, 2 bis, Bajo', 30520, '+34968108209 - +34676751546', 'systempin@systempin.com', 2018);
INSERT INTO empresas VALUES ('B73800088', 'SUPERIA CONSULTORES, S.L.', '7022', 'www.superia.es', 1020919, 'Murcia', 'Avenida de los Dolores, 11, 2º C', 30011, '+34968247960 - +34627441284', 'superia@superia.es', 2013);
INSERT INTO empresas VALUES ('B30905681', 'PERFUMAR & GREMIAR, S.L.', '9602', NULL, 1011489, 'Cartagena', 'Calle Santiago Ramon Y Cajal (Cartagena), 43, BJ LOC COMERCIAL', 30205, NULL, NULL, 2016);
INSERT INTO empresas VALUES ('B73585333', 'SELECT ASTERISCO, S.L.', '6209', 'www.selectasterisco.es', 1010745, 'Murcia', 'Calle San Vicente de Paúl, 6 (Espinardo)', 30100, '+34968980620 - +34697302939', 'administracion@selectasterisco.es', 2008);
INSERT INTO empresas VALUES ('A73665077', 'SMART BUSINESS PROJECTS, S.A.', '6110', 'www.red-phone.es', 1005230, 'Murcia', 'Carril de la condesa, 58, EDIF. TORRE PROCONSA OF.503', 30010, '34868810229', NULL, 2010);
INSERT INTO empresas VALUES ('B73331274', 'INFORSYS DESPACHOS PROFESIONALES, S.L.', '6202', 'www.inforsys.es', 996933, 'Murcia', 'Calle Molina De Segura, 5, 8 1º C', 30007, '34968239444', 'inforsys@inforsys.es', 2004);
INSERT INTO empresas VALUES ('B73830895', 'HELIXICOL, S.L.', '4631', NULL, 995505, 'Murcia', 'Barrio Nuestra Señora de Los Remedios, 9, 1º Izqd.', 30009, '34968362800', NULL, 2014);
INSERT INTO empresas VALUES ('B05539077', 'NETING APP, S.L.', '6209', 'neting.app', 991797, 'Alcantarilla', 'Polígono Industrial Oeste. C/ Venezuela , Parcela 10 Modulo 8-9-10 Nave', 30820, '+34868205102 - +34692771195', 'juanvilla@neting.app', NULL);
INSERT INTO empresas VALUES ('B30589311', 'ASTEC SISTEMAS DE GESTIÓN Y RECAUDACION, S.L.', '8291', 'www.sistemasges.es', 938436, 'San Javier', 'Calle Principe, 5', 30730, '34868457784', NULL, 1998);
INSERT INTO empresas VALUES ('B73684292', 'STEL SOLUTIONS, S.L.', '6202', 'WWW.STELORDER.COM', 922650, 'Murcia', 'Calle Mayor, 6, PISO PRIMERO', 30006, '+34968393598 - +34620136549', 'info@stelsolutions.com', 2010);
INSERT INTO empresas VALUES ('B30411318', 'ARRAY LEVANTE, S.L.', '4741', 'www.arraylevante.com', 919835, 'Águilas', 'Calle Carlos Marín Menú, 21', 30880, '34968411111', 'array@arraylevante.com', 1994);
INSERT INTO empresas VALUES ('B73673725', 'MATIZ SOLUCIONES LINGÜISTICAS, S.L.', '7430', 'www.matiz.com.es', 918153, 'Murcia', 'Calle Gozalez Adalid, 11, 2º, puerta 4', 30001, '34968521552', 'info@matiz.carm.es', 2010);
INSERT INTO empresas VALUES ('B87486122', 'PHICUS TECNOLOGÍA, S.L.', '6201', 'http://www.phicus.es', 912759, 'Murcia', 'Lugar Campus Universitario , 7, Ed. CEEIM (Espinardo)', 30100, '+34868183030 - +34656559985', 'phicus@phicus.es', 2016);
INSERT INTO empresas VALUES ('B73809691', 'NEXT2U BUSINESS TELECOM, S.L.', '6190', 'www.n2you.es', 909041, 'Alhama de Murcia', 'Avenida Europa, Par. 1-2. Ed. Cide. Bajo', 30840, '+34647077337 - +34654377140', 'perona@n2you.es', 2013);
INSERT INTO empresas VALUES ('B85168904', 'GESTIÓN DOCUMENTAL ARCHIPLUS, S.L.', '6311', 'https://www.archiplus.es/', 903794, 'Murcia', 'Polígono Industrial Industrial Cabezo Cortado. CL Practicant', 30100, '34616393583', 'juan.ortega@archiplus.es', 2007);
INSERT INTO empresas VALUES ('B73112088', 'ASESORÍA SANTARÉN, S.L', '6920', 'www.santaren.com', 894327, 'Alcantarilla', 'Calle San Ignacio de Loyola, 4, Bajo', 30820, '34968899091', 'info@santaren.com', 2000);
INSERT INTO empresas VALUES ('B73976342', 'UPANGO CONSULTING, S.L.', '6209', 'http://www.upango.es/', 849363, 'Murcia', 'Avenida Juan Carlos I, 43, 7º B', 30009, '+34968747041 - +34609781539', 'gonzalo@upango.es', NULL);
INSERT INTO empresas VALUES ('B73350860', 'URBANA DE SANTOMERA, S.L.', '4121', NULL, 831123, 'Murcia', 'Calle Catedrático Fernando Piñuela, 20, Bajo', 30009, '34968282267', NULL, 2009);
INSERT INTO empresas VALUES ('B73855827', 'SOLUCIONES E INGENIERIA DE SOFTWARE,S.L.', '6209', NULL, 823194, 'Lorca', 'Calle Echegaray, 21, 2A', 30800, '34678403555', 'ssanchez@sisgrupo.com', 2014);
INSERT INTO empresas VALUES ('B73512162', 'LOCALIZA SOLUCIONES TECNOLÓGICAS, S.L.U.', '4791', 'https://www.ledvisual.com/', 816433, 'Caravaca de la Cruz', 'Carretera Granada, 38, 3º B', 30400, '+34968106342 - +34678465085', 'erobles@ledvisual.com', 2007);
INSERT INTO empresas VALUES ('B73791824', 'CMM ADVANTAGE, S.L.', '8299', 'http://www.cmmseguridad.com', 810441, 'San Javier', 'Calle Montecarlo. Ur. Euro Roda, 7', 30739, '34968574729', 'info@cmmseguridad.com', 2013);
INSERT INTO empresas VALUES ('B73557316', 'AUDIDATA SISTEMAS, S.L.', '8299', 'https://www.audidata.es/', 807514, 'San Javier', 'Calle Párroco Cristóbal Balaguer, 13', 30730, '+34968190299 - +34968191141', 'info@audidata.es', 2008);
INSERT INTO empresas VALUES ('B05527726', 'MAICROSOFT EUROPE, S.L.', '6202', NULL, 778036, 'Murcia', 'Avenida Don Juan Borbón, 98, BJ', 30007, NULL, NULL, 2019);
INSERT INTO empresas VALUES ('B73716961', 'EUROFIC SOFTWARE GROUP, S.L.', '4666', 'https://eurofic.com/', 773937, 'San Pedro del Pinatar', 'Avenida Taibilla, 13', 30740, '+34968178056 - +34615432401', 'administracion@eurofic.com - info@eurofic.com', 2011);
INSERT INTO empresas VALUES ('B73861544', 'TÉCNICAS DE IMPRESIÓN PRINTTEC, S.L.', '4741', 'https://www.printtec.es/', 770399, 'Lorquí', 'Polígono Industrial Base 2000. C/ Castillo de Lorca, 15', 30564, '+34968676888 - +34601286221', 'administracion@printtec.es', 2014);
INSERT INTO empresas VALUES ('B73726234', 'BITNOVA IDENTIFICACIÓN Y CONTROL, S.L.', '6209', 'www.bitnova.es', 767055, 'Alcantarilla', 'Polígono Industrial Oeste. C/ Paraguay, Parcela 7/3, Nave, 19', 30820, '+34968873750 - +34902041551', 'info@bitnova.es', 2011);
INSERT INTO empresas VALUES ('B73798308', 'SERVICIOS INTEGRALES DE FORMACION E INGENIERIA INGENIO 21, S.L.', '7112', NULL, 760182, 'Murcia', 'Avenida Santiago, 20', 30007, '34968233366', NULL, 2013);
INSERT INTO empresas VALUES ('B73101420', 'FIRMA PROYECTOS Y FORMACIÓN, S.L.', '7022', 'www.firma-e.com', 751051, 'Murcia', 'Avenida Teniente Montesinos, 8, Ed. Z. 3º E (Espinardo)', 30100, '+34968931812 - +34616533443', 'firma-e@firma-e.com', 2000);
INSERT INTO empresas VALUES ('B73730731', 'NOVEDADES TECNOLOGICAS EN LA INFORMATICA Y LA EDUCACION S.L.', '4619', NULL, 750145, 'Totana', 'Camino Sifones, 24', 30850, '34968422143', NULL, 2011);
INSERT INTO empresas VALUES ('B73997413', 'AZURITA STORE, S.L.', '4741', NULL, 749397, 'Totana', 'Calle GENERAL AZNAR, , 62, BAJO (Totana)', 30850, '34968427619', 'CLIENTES@ASESORIABERMEJO.COM', NULL);
INSERT INTO empresas VALUES ('B15861917', 'ALCATRAZ SOLUTIONS, S.L.', '6201', 'www.alcatraz.es', 744576, 'Alhama de Murcia', 'Avenida Europa, Edificio CIDE 5ª (Alhama de Murcia)', 30840, '34616589312', 'dsanchez@alcatraz.ed', 2002);
INSERT INTO empresas VALUES ('B73624975', 'CITRICAMENTE, S.L.', '6399', 'www.citricamente.com', 716384, 'Murcia', 'Calle Carmelo Fenoll Torres, 7, 3º L', 30007, '+34968100183 - +34911845993', 'info@citricamente.com', 2009);
INSERT INTO empresas VALUES ('B73798266', 'SISTEMAS ELÉCTRICOS Y AUTOMATIZACIÓN DEL MEDITERRÁNEO, S.L.', '4321', NULL, 712026, 'Murcia', 'Calle Zamora, 6', 30009, '+34961665567 - +34670369511', 'asanchez@siesmed.es', 2013);
INSERT INTO empresas VALUES ('B73718751', 'ASERTI GLOBAL SOLUTIONS, S.L.', '6202', 'www.aserti.es', 696692, 'Murcia', 'Parque Científico de Murcia, Campus Universitario de Espinardo, Edificio R, 3ª Planta (Espinardo)', 30100, '34968101606', 'administracion@aserti.es', 2011);
INSERT INTO empresas VALUES ('A73868432', 'FINCO CONSULTORIA FINANCIERA Y DE SERVICIOS, S.A.', '7490', NULL, 686689, 'Murcia', 'Avenida Miguel De Cervantes. , 45', 30009, '34968779125', NULL, 2015);
INSERT INTO empresas VALUES ('B73707119', 'ALCALINK MULTISERVICIOS ONLINE, S.L.L.', '4791', 'www.alcalink.com', 674365, 'Lorca', 'Calle Juan José Martínez Ferra, 14, 1º E (Abades (Los) y las Norias)', 30800, '34968929873', 'info@alcalink.com', 2011);
INSERT INTO empresas VALUES ('B73207060', 'PCDAU SYSTEMAS, S.L.', '4741', 'www.mipcok.com', 664184, 'Murcia', 'Calle Pintor Sobejano, 17', 30004, '34968286400', 'pcdau@pcdau.com', 2002);
INSERT INTO empresas VALUES ('A30633952', 'OVERLAY ASESORAMIENTO Y SERVICIOS INFORMÁTICOS, S.A.', '6209', 'www.overlay.es', 658860, 'Cartagena', 'Avenida Pintor Portela, 38, Bajo', 30203, '34968123555', 'info@overlay.es', 1988);
INSERT INTO empresas VALUES ('B73199283', 'SYMLOGIC, S.L.', '7490', 'www.legitec.com - www.sumlogic.net', 651710, 'Murcia', 'Avenida Rectores, 2, 4º Bajo', 30100, '34968902975', 'murcia@legitec.com - info@legitec.com', 2002);
INSERT INTO empresas VALUES ('B73752081', 'MARKETING ACTIVO INTELIGENTE, S.L.', '7320', 'http://neuromobilemarketing.com/', 636557, 'Murcia', 'Parque Científico de Murcia, Planta 2 , Ed. T, Módulo 1 (Agridulce)', 30100, '+34968277843 - +34664489616', 'info@neuromobilemarketing.com', 2012);
INSERT INTO empresas VALUES ('B05546189', 'SMBIÓTICA SOLUCIONES TIC DE MARKETING DISTRIBUIDO, S.L.', '6209', 'https://www.inmotools.es/', 620347, 'Murcia', 'Avenida Europa, 8, Entresuelo Izq.', 30007, '+34968122981 - +34609872579', 'info@inmotools.es', NULL);
INSERT INTO empresas VALUES ('B30886741', 'INTERNET INALMABRICO MAZARRON, S.L.', '6120', 'WWW.WIMAZ.ES', 611805, 'Mazarrón', 'Calle VIRGEN DE LA FUENSANTA, 2 (Bermes (Santa Maria P.))', 30860, '34968332031', 'WIMAZ@WIMAZ.ES', 2014);
INSERT INTO empresas VALUES ('B05530787', 'FACELOCK TECHNOLOGY, S.L.', '6190', NULL, 610319, 'Murcia', 'Avenida Alicante, 170', 30007, '34968242500', NULL, 2019);
INSERT INTO empresas VALUES ('B73255234', 'RED HELIO, S.L.', '6209', 'http://www.red-helio.com/', 598248, 'Murcia', 'Avenida Juan Carlos I, 59, 6º', 30008, '34605785250', 'scampuzano@red-helio.com', 2003);
INSERT INTO empresas VALUES ('B30617757', 'OFIMÁTICA DE CARTAGENA, S.L.', '4741', 'https://www.oficarseguridad.es/es/', 596937, 'Cartagena', 'Calle Pintor Balaca, 29', 30203, '+34968524298 - +34626660983', 'sixto@oficar.es', 1984);
INSERT INTO empresas VALUES ('B30224521', 'CENTRO DE ESTUDIOS DE TÉCNICAS AVANZADAS CEAN, S.L.', '8559', 'www.centrocean.com', 592686, 'Cieza', 'Calle Calderón de La Barca, 28', 30530, '34968763836', 'andre.villa@centrocean.com', 1989);
INSERT INTO empresas VALUES ('B73278665', 'TECNÓPOLIS SOFTWARE, S.L.', '6201', 'www.tecnopolis.com.es', 587970, 'Murcia', 'Paseo Misionero Luis Fontes Servet, 14, Ed. S', 30007, '+34902364705 - +34968291938', 'administracion@tecnopolis.com.es', 2004);
INSERT INTO empresas VALUES ('B73150898', 'FUTURA 2000 INFORMATICA S.L.', '4741', 'www.futura-2000.com', 584273, 'Cieza', 'Avenida Río Segura, 7, Bao Izq', 30530, '+34902360776 - +34968773038', 'comercial@futura-2000.com - sat@futura-2000.com', 2001);
INSERT INTO empresas VALUES ('B73852139', 'FMAS SERVICIOS FARMACEUTICOS, S.L.', '4611', NULL, 583587, 'Santomera', 'Carretera Abanilla, 158', 30140, NULL, NULL, 2014);
INSERT INTO empresas VALUES ('B73828451', 'POYSKY PRODUCTIONS, S.L.', '6203', NULL, 566487, 'Molina de Segura', 'Calle Monfrague, 6 (Alcayna (La))', 30507, NULL, NULL, 2014);
INSERT INTO empresas VALUES ('B73622334', 'ACTIO SISTEMAS Y FORMACION, S.L.', '4778', NULL, 564761, 'Murcia', 'Calle Abenarabi, Jardín Condes de Barcel', 30007, '34968930103', 'info@actiosoft.es', 2009);
INSERT INTO empresas VALUES ('B73180226', 'MURCIA CARD SOLUTIONS, S.L.', '6203', 'www.inditar.com', 563866, 'Santomera', 'Polígono Industrial Vicente Antolinos. CL C', 30140, '34902465546', 'inditar@inditar.com', 2002);
INSERT INTO empresas VALUES ('B73115545', 'DIGITALIA SOLUCIONES INFORMÁTICAS, S.L.', '4759', 'www.tiendadigitalia.es', 561692, 'Torres de Cotillas (Las)', 'Calle Bartolome Ródenas, 13', 30565, '34968387022', 'jmiguel@digitalia.es', 2008);
INSERT INTO empresas VALUES ('B30562813', 'S.Q.A. MURCIA, S.L.', '6209', 'www.sqa.es', 561639, 'Murcia', 'Plaza Cetina, 5, 1ºC', 30001, '34968219950', 'info@sqa.es', 1997);
INSERT INTO empresas VALUES ('B73317851', 'INFORGES CONSULTORES, S.L.', '7490', 'www.inforges.es', 560477, 'Murcia', 'Calle Vicente Alexandre,, 13 (Murcia)', 30011, '+34968350011 - +34606271508', 'catourne@inforges.es', 2004);
INSERT INTO empresas VALUES ('B30793004', 'TECNIPRINT CONSUMIBLES IMPRESORA, S.L.', '4779', 'www.tecniprint.es', 557763, 'Murcia', 'Polígono Industrial E. Avda. Miguel de Cervantes, 45, Local 1 B', 30009, '+34968297193 - +34968296827', 'pacocano@tecniprint.es - tecniprint@tecniprint.es', 2006);
INSERT INTO empresas VALUES ('B73615163', 'ON IDENTITY RFID, S.L.', '6209', 'www.onidentityrfid.net', 555758, 'Yecla', 'Carretera de Almansa, Km. 1', 30510, '+34968718616 - +34962718364', 'info@onidentity.eu', 2009);
INSERT INTO empresas VALUES ('B05527734', 'CIBERSEGURIDAD E INTELIGENCIA ARTIFICIAL, S.L.', '6202', 'https://www.cibinar.com', 552939, 'Murcia', 'Calle Nelva 2, Ed. Torres Azules, 2, Bloque A 3º (Murcia)', 30006, '+34900877766 - +34698828211', 'info@cibinar.com', NULL);
INSERT INTO empresas VALUES ('B73812281', 'INNOVA TELEKON REDES Y SERVICIOS, S.L.', '6190', NULL, 549786, 'Lorquí', 'Calle La Acequia, 5', 30564, '34868924117', 'info@innovatelekom.com', 2013);
INSERT INTO empresas VALUES ('B85883056', 'REMOTE MEDICAL DIAGNOSTICS, S.L.', '8622', 'http://www.remediglobal.es/', 549562, 'Molina de Segura', 'Calle Riomar, 8, Ed. Mirador I. Esc. 8, 3º A.', 30506, '34968286743', 'francisca.cano@remediglobal.es', 2010);
INSERT INTO empresas VALUES ('B73439440', 'LEOVINCI CONSULTING, S.L.', '9511', 'https://leovinciconsulting.com/', 548565, 'Águilas', 'Calle Barcelona, 8, BAJO', 30880, '34968410398', 'info@leovinciconsulting.com', 2006);
INSERT INTO empresas VALUES ('B73479313', 'GRUPO SIM-REINIZIA, S.L.', '9511', 'www.reinizia.com', 544160, 'Yecla', 'Carretera de Almansa, 1', 30510, '34968718616', 'jlmartinez@gruposim.eu', 2006);
INSERT INTO empresas VALUES ('B30237226', 'ELECTRO INFORMÁTICA GARPE, S.L.', '6201', NULL, 539687, 'San Javier', 'Calle Primero Mayo, 26', 30730, '+34968190190 - +34968190924', 'garpe@igarpe.com', 1990);
INSERT INTO empresas VALUES ('B73880163', 'MOVAL AGROINGENIERIA, S.L.', '7112', 'http://www.moval.es', 533183, 'Alcantarilla', 'Calle Poesta Vicente Aleixandre, 9', 30820, '34868916421', 'info@moval.es', 2015);
INSERT INTO empresas VALUES ('B73839292', 'JACKPOTS SYSTEMS, S.L.', '2611', 'www.jackpotsystems.es', 531758, 'Murcia', 'Avenida Constitución, 45, Bajo (Sangonera la Verde o Ermita Nueva)', 30833, '+34868105684 - +34685897330', 'info@jackpotsystems.es', 2014);
INSERT INTO empresas VALUES ('B73634099', 'MOTOR INTERNET, S.L.', '6312', 'www.motor.es', 527533, 'Lorca', 'Calle Patrón, 9 (Almendricos)', 30893, '34653998140', 'jdavid@motor.es', 2009);
INSERT INTO empresas VALUES ('B73848905', 'ENLAZA SISTEMAS DE INFORMACIÓN, S.L.', '6202', NULL, 527264, 'Murcia', 'Calle Jose Antonio Camacho, 21, 4º G', 30010, '34968362800', 'enlaza.sistemas.informacion@gmail.com', 2014);
INSERT INTO empresas VALUES ('B73854580', 'CENTRO ESPECIAL LA ESTRELLA, S.L.', '4666', 'WWW.LAESTRELLACONSUMIBLES.ES', 522799, 'Molina de Segura', 'Polígono Industrial La Polvorista. C/ Cieza, 7', 30500, '34868183075', 'INFO@LAESTRELLACONSUMIBLES.ES', 2014);
INSERT INTO empresas VALUES ('B73863193', 'INNOVACION APLICADA A LAS TIC, S.L.', '7112', 'www.inatic.es', 522155, 'Alcantarilla', 'Calle Alcalde Pedro Cascales Vivancos, 24', 30820, '+34968209181 - +34649394873', 'd.saavedra@inatic.es', 2014);
INSERT INTO empresas VALUES ('B30538946', 'SCALA SISTEMAS, S.L.U.', '4759', 'www.scala.es', 518514, 'Lorca', 'Calle Santa Paula, 6, BAJO', 30800, '34968470341', 'scala@scala.es', 1997);
INSERT INTO empresas VALUES ('B73660763', 'GLOBAL BUSINESS NONSTOP, S.L.', '7490', 'http://www.globalyza.com', 516571, 'Molina de Segura', 'Calle Sierra Nevada, 18 (Alcayna (La))', 30507, '+34868931980 - +34619114881', 'sal@globalyza.com', 2010);
INSERT INTO empresas VALUES ('B73301319', 'AJR ASESORES GESTION EMPRESARIAL, S.L.', '6203', 'www.hostpv.com', 515467, 'Murcia', 'Polígono Industrial Oeste. C/ Alcalde Clemente García, 3, PARC. 25/23 (Tolivia)', 30169, '34968938444', 'administracion@hostpv.com', 2004);
INSERT INTO empresas VALUES ('B73693624', 'NIXUS NETWORKS, S.L.', '6190', 'www.nixus.es', 502699, 'Murcia', 'Calle Santa Úrsula, 23, Bajo', 30002, '+34902918091 - +34968342278', 'contacto@nixus.es - scramatte@nixus.es', 2010);
INSERT INTO empresas VALUES ('B73779142', 'SOZPIC, S.L.', '6209', 'www.sozpic.com/', 499804, 'Murcia', 'Calle Cuatro Caminos, 94, 2º E', 30007, '34868041815', NULL, 2012);
INSERT INTO empresas VALUES ('B30486781', 'AVANCES TÉCNICOS EN PROGRAMACIÓN, S.L.', '6209', 'www.atpsl.es', 497643, 'Murcia', 'Polígono Industrial Oeste. CL Cardenal Belluga (San Gines)', 30169, '34968233550', 'atp@atpsl.es', 1995);
INSERT INTO empresas VALUES ('B73848897', 'CONSULTORIA TECNICA INFO-TIC, S.L.', '6202', NULL, 495094, 'Murcia', 'Calle Jose Antonio Camacho, 21, 4º G', 30010, '34968362800', NULL, 2014);
INSERT INTO empresas VALUES ('B19513456', 'IPSPLUS42, S.L.', '8020', 'https://programadetransporte.es/', 494388, 'Molina de Segura', 'Plaza de la Cerámica. , 6, PLT 2', 30500, '34868684380', 'administracion@gesruta.es - eduardo@gesruta.es', 2012);
INSERT INTO empresas VALUES ('B30090278', 'ASESORAMIENTO Y CONTROL INFORMÁTICO DE SISTEMAS Y APLICACIONES, S.L.', '6201', 'www.acisa.com', 491816, 'Lorca', 'Travesía Juan Carlos I, Residencial Plaza Nueva, 16, Escalera 7 - Bajo', 30800, '+34968462727 - +34667566308', 'acisa@acisa.com', 1985);
INSERT INTO empresas VALUES ('B73906281', 'BFV CREATIONS CONSULTORÍA INFORMÁTICA, S.L.', '4759', 'www.bfvinformatica.es', 490603, 'Molina de Segura', 'Calle El Salvador, 15, Bajo 2', 30500, '34868181024', 'info@bfvinformatica.es', 2015);
INSERT INTO empresas VALUES ('B73835753', 'H2A CONSULTORES ESPECIALIZADOS, S.L.', '7022', 'www.h2a.es', 488676, 'Lorca', 'Calle Teresa de Calcuta, 1, Bajo (Lorca)', 30800, '+34968461427 - +34968477445', 'agustin@h2a.es', 2014);
INSERT INTO empresas VALUES ('B73293417', 'SERPROYEC MURCIA, S.L.', '6499', NULL, 480000, 'Murcia', 'Calle Junterones, 8, Entresuelo Izqd.', 30008, '+34968202222 - +34968202788', NULL, 2004);
INSERT INTO empresas VALUES ('B73369142', 'D2 INFORMÁTICA ROLDÁN, S.L.', '4741', 'www.ofertasd2.com', 479567, 'Torre-Pacheco', 'Avenida Ciudad de Murcia,, 52, bajo (Balsicas)', 30591, '+34968580811 - +34968577943', 'info@d2informatica.com', 2005);
INSERT INTO empresas VALUES ('B30892244', 'MEGATIC SOLUCIONES, S.L.', '6209', 'www.megatic.es - https://icide.es/', 474137, 'Cartagena', 'Polígono Industrial Cabezo Beaza. C/ Bratislava, 5, Par. R5', 30353, '34968787480', 'contacto@megatic.es', 2015);
INSERT INTO empresas VALUES ('B30727804', 'OVERTEL TECHNOLOGY SYSTEMS, S.L.', '6190', 'www.overtel.com', 471427, 'Cartagena', 'Polígono Industrial Cabezo Beaza. C/ Bucarest, 37', 30353, '+34968321073 - +34647742628', 'mangel.pardo@overtel.com', 1998);
INSERT INTO empresas VALUES ('B30163067', 'DESKTOP PUBLISHING S.L.', '4759', 'www.dtpmurcia.net', 462748, 'Murcia', 'Calle Julio López Ambit, 9', 30008, '34968236565', NULL, 1988);
INSERT INTO empresas VALUES ('B73239139', 'INGENIERIA TELEMATICA MURCIANA, S.L.', '4741', 'www.proyectoteleco.com', 458869, 'Alcázares (Los)', 'Calle San Rafael, 29', 30710, '34968334518', NULL, 2003);
INSERT INTO empresas VALUES ('B73761298', 'SKYNET SYSTEMS, S.L.', '6202', 'www.skynet-sys.es', 454690, 'Murcia', 'Carril Condomina, 3, Edif. Atalayas B, 7º C', 30006, '+34968903948 - +34968679290', 'Info@skynet-sys.es', 2012);
INSERT INTO empresas VALUES ('B30843262', 'CETAIT, S.L.', '4741', 'https://www.cetait.com/', 449189, 'Cartagena', 'Plaza Alcolea, 18, 1ª A', 30201, '34868066117', 'rmendez@cetainformatica.es', 2009);
INSERT INTO empresas VALUES ('B73945503', 'SPM DIGITAL Y CONSULTORÍA, S.L.', '6201', 'www.agenciaspm.es', 446859, 'Lorca', 'Avenida Rio Luchena, 9', 30817, '+34868110511 - +34661111769', 'p.camacho@agenciaspm.es', 2016);
INSERT INTO empresas VALUES ('B30873616', 'EFICATIUM LEVANTE, S.L.', '6832', NULL, 445145, 'Alcázares (Los)', 'Calle Del Álamo, 9', 30710, '+34968182533 - +34968186176', 'administracion@eficatium.com', 2013);
INSERT INTO empresas VALUES ('B86078581', 'GLOBAL NET SOLUCIONES EN INTERNET, S.R.L.', '6209', 'www.unonet.es', 442506, 'San Javier', 'Calle Bruselas, 19', 30730, NULL, NULL, 2010);
INSERT INTO empresas VALUES ('B73872806', 'ELEVIA HISPANIA, S.L.', '4329', 'https://www.elevia.es/', 436044, 'Murcia', 'Calle Mula, 3 (Ranero (El))', 30009, '34968405650', 'elevia@elevia.es', 2015);
INSERT INTO empresas VALUES ('B30316939', 'CALOSA OFIMÁTICA, S.L.', '4759', 'https://www.clsdigital.es', 435479, 'Alcantarilla', 'Polígono Industrial Oeste. C/ Artes y Oficios, Par. 8-25. Nave C 3', 30820, '34968891440', 'coveo@clsofimatica.com', 1992);
INSERT INTO empresas VALUES ('B73658155', 'INMONOVA ASESORES INMOBILIARIOS, S.L.', '6832', 'https://www.inmonova.net/', 427898, 'Molina de Segura', 'Calle Mayor, 20, Bajo', 30500, '+34968641592 - +34629394916', 'inmonova@hotmail.com', 2010);
INSERT INTO empresas VALUES ('B73032054', 'MAPA INFORMATICA Y TELECOMUNICACIONES, S.L.L', '6209', 'www.mapainformatica.com', 416399, 'Murcia', 'Carril La Condesa, 55', 30010, '34968286573', NULL, 1999);
INSERT INTO empresas VALUES ('B02774594', 'ELECTRICAS IEC, S.L.', '4321', NULL, 415258, 'Murcia', 'Calle Carril Manresa, 17 (Puente Tocinos)', 30006, '34637575292', NULL, 2020);
INSERT INTO empresas VALUES ('B73821019', 'DIGITALDOT SERVICIOS INFORMÁTICOS, S.L.', '5920', 'https://www.digitaldot.es/', 405974, 'Murcia', 'Calle Pedro García Tovar, 8, Bajo 1', 30006, '+34968899965 - +34673680022', 'info@digitaldot.es', 2013);
INSERT INTO empresas VALUES ('B73849911', 'VEGAFFINITY, S.L.', '4711', 'www.vegaffinity.com', 404709, 'Murcia', 'Calle González Adalid, 3, Bajo', 30001, '34691866325', 'info@vegaffinity.com', 2014);
INSERT INTO empresas VALUES ('B73781726', 'HEALTH POINT EUROPE, S.L.', '6209', 'www.healthpoint.es', 403149, 'Murcia', 'Avenida Teniente Montesinos, 8, 1ª Drcha. (Espinardo)', 30100, '+34968604570 - +34639679681', 'healthpoint@healthpoint.es', 2013);
INSERT INTO empresas VALUES ('B73683518', 'TECNOLOGÍAS DIM, S.L.', '6202', 'www.tecnologiasdim.es', 401803, 'Murcia', 'Paseo Florencia, 18, Escalera 3, 4º A', 30010, '+34968934854 - +34637878778', 'info@tecnologiasdim.es', 2010);
INSERT INTO empresas VALUES ('B23801830', 'MOTTUS AUTOMATION & ROBOTICS, S.L.', '7022', 'https://www.mottus.es/', 396258, 'Murcia', 'Lugar Campus Universitario de Espinardo, 7, Mód. 23 (Espinardo)', 30100, '34622534056', 'info@mottus.es', NULL);
INSERT INTO empresas VALUES ('B73971483', 'KONETIC DIGITAL FACTORY, S.L.', '4321', 'http://www.onelectricslu.com', 395087, 'Santomera', 'Calle Don Antonio Prior, 4, Baja 2', 30140, '34636357273', 'info@onelectricslu.com', 2017);
INSERT INTO empresas VALUES ('B30873475', 'POR PRECIO Y CALIDAD EUROPA, S.L.', '4110', 'www.soqum.com', 391914, 'Cartagena', 'Carretera de la Unión, Km. 3', 30203, '34968321717', 'pp@soqum.com - info@soqum.com', 2013);
INSERT INTO empresas VALUES ('B73751976', 'SOLUCIONES TECNOLOGICAS SECOND WAY, S.L.', '6209', 'www.secondwaysl.com', 391459, 'Murcia', 'Calle José Luis Morga, 10', 30010, '34968901226', 'jose.guerrero@secondwaysl.com', 2012);
INSERT INTO empresas VALUES ('A97046973', 'GRUPO IFEDES, S.A.', '7022', 'www.grupoifedes.com', 389776, 'Molina de Segura', 'Calle Islas Malvinas, 40 (Alcayna (La))', 30509, '+34902160500 - +34619114881', 'andres.fernandez@globalyza.com', 2001);
INSERT INTO empresas VALUES ('B63098719', 'THE USEFUL COMPANY S.L.', '4652', 'www.papelaweb.es', 388411, 'Murcia', 'Calle Cosmograf Diego Pérez, 10 (Flota (La))', 30007, '34968272721', 'info@u-company.com', 2003);
INSERT INTO empresas VALUES ('B30470694', 'INGENIERÍA DE SISTEMAS APLICADOS, S.L.', '7112', 'www.idsa.es', 385483, 'Murcia', 'Avenida Juan Carlos I, 59, Ed. Torre Dimovil. 6º A (Espinardo)', 30100, '+34968350005 - +34687176203', 'idsa@idsa.es - aotec@aotec.es', 1995);
INSERT INTO empresas VALUES ('B73944217', 'SYSMO INFORMATICA, S.L.', '2620', 'www.sysmo.es', 377834, 'Murcia', 'Calle Manresa, 4, PISO 2 A', 30004, NULL, NULL, 2016);
INSERT INTO empresas VALUES ('B73763278', 'MILEYENDA ENTERTAINMENT, S.L.', '7021', 'www.leverade.com', 375666, 'Murcia', 'Lugar Campus de Espinardo, 7, Ed. CEEIM (Espinardo)', 30100, '34668816119', 'contacto@mileyenda.com', 2012);
INSERT INTO empresas VALUES ('B30543854', 'ITEM AUDIOVISUAL, S.L.', '5915', 'www.item.es', 371212, 'Murcia', 'Avenida Alto de Las Atalayas, 34', 30110, '+34968274790 - +34968274343', 'info@item.es', 1997);
INSERT INTO empresas VALUES ('B35812445', 'DOUBLE M INDOTRADERS CANARIAS, S.L.', '7320', 'www.doublemindotraders.com', 370345, 'Murcia', 'Carril de los Chornos, 37 (Murcia)', 30000, '34646630535', 'alvaro.manuel@doublemindotraders.com', 2004);
INSERT INTO empresas VALUES ('B73947277', 'DELEFANT MARKETING ONLINE, S.L.L.', '6201', NULL, 366911, 'Murcia', 'Calle Molina de Segura, 5, 3º D', 30007, '34622549296', 'info@delefant.com', NULL);
INSERT INTO empresas VALUES ('B05517701', 'MARKETING LICANCABUR, S.L.', '4619', NULL, 365712, 'Lorquí', 'Polígono Industrial C/ Castillo De Monteagudo, 13', 30564, NULL, NULL, 2018);
INSERT INTO empresas VALUES ('B73748188', 'ALGORATMA SOLUCIONES, S.L.', '6202', 'www.algoratma.es', 364311, 'San Javier', 'Avenida Mediterráneo, 70 (Santiago de la Ribera)', 30730, '+34968334084 - +34610268669', 'administracion@algoratma.com', 2012);
INSERT INTO empresas VALUES ('B73745200', 'CODISEL 2012, S.L.', '4643', 'http://www.codisel.com', 359584, 'Torres de Cotillas (Las)', 'Calle Bartolome Rodenas, 13, 1º', 30565, '+34868180108 - +34968950610', 'jimmylofo@gmail.com', 2012);
INSERT INTO empresas VALUES ('B30921555', 'VIVO RECUERDO, S.L.', '6209', 'www.vivorecuerdo.es', 357440, 'Torre-Pacheco', 'Avenida Estación, 26', 30700, '+34868085880 - +34629215886', 'admin@vivorecuerdo.es', NULL);
INSERT INTO empresas VALUES ('B30587430', '4 SERVICIOS INFORMATICOS MURCIA ALICANTE, S.L.', '6209', 'www.4sima.net', 354341, 'Murcia', 'Plaza Pintor Pedro Flores, 7', 30002, '34968265276', NULL, 1998);
INSERT INTO empresas VALUES ('B30763783', 'LOGIDYN, S.L', '6209', 'www.logidyn.es', 351115, 'Cartagena', 'Calle Alfonso X El Sabio, 13, 1º A', 30205, '34968121465', 'administracion@logidyn.es', 2003);
INSERT INTO empresas VALUES ('B73745879', 'TPROTEGE SOLUTIONS, S.L.', '4754', 'www.tprotege.com', 349977, 'Alcantarilla', 'Calle Perú, 5, Ed. Fórum. 3ª planta, Of. 12 (Alcantarilla)', 30820, '+34902570125 - +34678131117', 'administracion@tprotege.es', 2012);
INSERT INTO empresas VALUES ('B73329914', 'XEPIENT SOLUTIONS, S.L.', '6201', 'www.xepient.com', 349771, 'Murcia', 'Calle Campus Universitario Espinardo, 7, Edificio CEEIM, Módulo 1 (Espinardo)', 30100, '+34968935520 - +34868941137', 'info@xepient.com', 2004);
INSERT INTO empresas VALUES ('B73616708', 'JUMELCO INSTALADORES, S.L.', '4321', 'https://jumelco.es/', 346655, 'Jumilla', 'Calle Calvario, 201', 30520, '+34666584878 - +34666584877', 'jumelcoinstaladores@gmail.com', 2009);
INSERT INTO empresas VALUES ('B05549613', 'INFORMATICA Y TELECOMUNICACIONES PARA PYMES MURCIANAS S.L.', '4741', NULL, 345263, 'Murcia', 'Calle JOSE ANTONIO, 41, NAVE (Llano de Brujas)', 30161, '34968302797', 'JULIO@123MURCIA.COM', NULL);
INSERT INTO empresas VALUES ('B73704389', 'CONSULTORÍA EMPRESARIAL ASRYD, S.L.L.', '6920', 'www.aseryde.com', 335198, 'Cieza', 'Calle Constitución, 24', 30530, '+34968454624 - +34687578414', 'aseryde@aseryde.com', 2011);
INSERT INTO empresas VALUES ('B73456501', 'AGENCIA CREATIVA COMUNICACIÓN MULTIMEDIA, S.L.', '7311', 'www.agenciacreativa.net', 330859, 'Lorca', 'Avenida Fuerzas Armadas, 35, B', 30800, '+34968406301 - +34696850599', 'info@agenciacreativa.net', 2006);
INSERT INTO empresas VALUES ('B73037103', 'PROMOCIÓN Y GESTIÓN MUNICIPAL DE SUELO DE ARCHENA, S.L.', '4110', 'www.archena.es', 326683, 'Archena', 'Calle Mayor, 26 (Archena)', 30600, '34968670000', 'mariajesusvidal@archena.es', 1999);
INSERT INTO empresas VALUES ('B30599625', 'ISO-TADER CALIDAD, S.L.', '6209', 'www.isotader.com', 326492, 'Torres de Cotillas (Las)', 'Urbanización El Coto IV. Cuesta las Perdices, 63, Entresuelo D', 30565, '34968900300', 'info@isotader.com', 1998);
INSERT INTO empresas VALUES ('B73684185', 'ITC SISTEMAS INFORMATICOS, S.L.', '6202', 'www.itcsis.com', 326320, 'Lorca', 'Calle Pérez Casas, 22, Bajo', 30800, '+34868929892 - +34669449616', 'juanjo@itcsis.com', 2010);
INSERT INTO empresas VALUES ('B73366247', 'INSTITUTO EUROPEO PARA EL EMPLEO, S.L.', '6201', 'www.ieeformacion.es', 322660, 'Murcia', 'Avenida Marina Española, 22, Puerta B', 30007, '34917379990', 'administracion@ieeformacion.es', 2005);
INSERT INTO empresas VALUES ('B73409039', 'EDUARDO DEL FRAILE, S.L.', '6203', 'www.eduardodelfraile.com', 321932, 'Murcia', 'Calle Saavedra Fajardo, 7, Esc Dcha, 2º C', 30001, '34968211824', 'm@eduardodelfraile.com', 2005);
INSERT INTO empresas VALUES ('B86704541', 'SERVICIOS TECNOLOGICOS FIRMAMED, S.L.', '6201', NULL, 321744, 'Murcia', 'Calle Central, 10, 1º', 30100, '34645876962', 'victor.serrano@firmamed.es', 2013);
INSERT INTO empresas VALUES ('B73841603', 'HACHETE DISEÑOS WEB, S.L.U.', '4741', 'www.hachete.com', 320448, 'Murcia', 'Calle Isabel La Catolica, 22, 3º B', 30003, '34968248335', 'danielsanchez@hachete.com', 2014);
INSERT INTO empresas VALUES ('B73516031', 'GUELLCOM WEB, S.L.', '4752', 'https://guellcom.com/', 319316, 'Murcia', 'Polígono Industrial Oeste. C/ Venezuela, , Par. 10. Mod. 8-9-10. Nave E3 (Alcantarilla)', 30820, '+34968907828 - +34692771195', 'info@guellcom.com', 2007);
INSERT INTO empresas VALUES ('B73610511', 'OPENRED SOLUCIONES, S.L.', '6209', 'www.openred.es', 316817, 'Murcia', 'Avenida Real Academia de Medicina, 3, Bajo A 2', 30009, '34968974866', 'info@openred.es', 2008);
INSERT INTO empresas VALUES ('B73160459', 'INNOVACION TECNOLOGICA EN ENTORNO DE NEGOCIOS, S.L.', '6201', 'www.iten.es', 308343, 'Murcia', 'Avenida Juan Carlos I, s/n, Edf. Torre de Cristal, 2ª Pl.', 30100, '34968950222', 'info@iten.es', 2001);
INSERT INTO empresas VALUES ('B73032393', 'REM 21 ALONSO Y CISNEROS, S.L.', '4741', 'www.rem21sl.com', 306185, 'Lorca', 'Calle Nuñez de Arce, 2, 1º B', 30800, '+34968477959 - +34968471033', 'salvi@rem21sl.com', 1999);
INSERT INTO empresas VALUES ('B30878755', 'SINERGIA PROPUESTA, S.L.U.', '5520', 'cartagenapropuesta.com', 305223, 'Cartagena', 'Calle Carmen, 40, 3', 30201, '+34657347381 - +34620977715', 'info@cartagenapropuesta.com', 2013);
INSERT INTO empresas VALUES ('B73630576', 'ALGORITMO INGENIERIA, S.L.', '6209', 'www.algoritmoingenieria.com', 304819, 'Murcia', 'Calle Ricardo Gil, 43, PISO 1 B (Barrio del Carmen)', 30002, '34902005238', NULL, 2009);
INSERT INTO empresas VALUES ('B87267472', 'BRAINLANG, S.L.', '6202', 'www.brainlang.com', 302908, 'Murcia', 'Calle Vicente Aleisandre, 13, 1C', 30011, '34625601504', 'consiguelo@brainlang.com', NULL);
INSERT INTO empresas VALUES ('B73131849', 'CLON&CO INFORMÁTICA E INTERNET, S.L.', '4759', 'www.clonico.es', 301938, 'Murcia', 'Calle Molina de Segura, 5, 4. 4º D', 30007, '34968935550', 'jmalonso@clonico.es', 2001);
INSERT INTO empresas VALUES ('B05508684', 'IOTIC SOLUTIONS, S.L.', '6201', 'https://www.ioticsolutions.com/', 295791, 'Torres de Cotillas (Las)', 'Carretera Cuesta de las Perdices, 63', 30565, '+34868957514 - +34968900300', 'info@ioticsolutions.com', NULL);
INSERT INTO empresas VALUES ('B73821605', 'TRANSYGAS SOLUCIONES, S.L.L.', '4612', 'www.transygas.com', 293623, 'Lorca', 'Polígono Industrial Saprelorca. Avda. José Montoya, 2, Edificio Iris, 2ª', 30817, '34968496741', 'info@transygas.com', 2013);
INSERT INTO empresas VALUES ('B30684484', 'TINSA CONTROL, S.L.', '7112', NULL, 292386, 'Cartagena', 'Calle Escritor Horacio, 14, A (Torreciega)', 30392, '+34968522055 - +34610496587', 'tinsacontrol@ono.com', 1992);
INSERT INTO empresas VALUES ('B42556282', 'BOISOLO INDUSTRIAL SOLUTIONS, S.L.', '7112', 'http://www.boisolo.com', 290113, 'Murcia', 'Avenida Teniente Montesinos, 8 Torre A 7º', 30100, '+34968119944 - +34628683628', 'boisolo@boisolo.com', NULL);
INSERT INTO empresas VALUES ('B73849275', 'LOCK UP SMART DOORS, S.L.', '2630', 'https://staymyway.com', 287894, 'Murcia', 'Calle Escritor Jerónimo Tristante, 10, 3º B (Espinardo)', 30100, '34653795556', 'faustino@staymyway.com', 2014);
INSERT INTO empresas VALUES ('B73274946', 'PCENTUS, S.L.N.E.', '6209', 'www.pascualvicente.com - www.mitiendainformatica.com', 287482, 'Murcia', 'Calle Puente, 84 (Javalí Nuevo)', 30832, '34968898366', 'pascualvicente@pascualvicente.com', 2003);
INSERT INTO empresas VALUES ('B73044901', 'GRUPO FORO PROYECTOS, S.L.', '6203', 'www.grupoforo.com', 287300, 'Murcia', 'Calle Julián Calvo, 6, 1º B', 30004, '+34968225511 - +34605669631', 'info@grupoforo.com', 1999);
INSERT INTO empresas VALUES ('B73055220', 'DESTRUCCIÓN & PROTECCIÓN DE DATOS, S.L.', '8299', 'www.d-pd.com', 280336, 'Lorquí', 'Polígono Industrial Base 2000. Calle 9, Parcela 4-4', 30564, '+34968899742 - +34900288488', 'jmherranz@d-pd.com', 1999);
INSERT INTO empresas VALUES ('B73503914', 'SISTEMAS Y CONTROL DEL MEDITERRÁNEO, S.L.', '7112', 'www.syscomed.es', 278311, 'Murcia', 'Avenida San Juan de la Cruz, 31, 6º E', 30011, '34902934981', 'juan.celdran@syscomed.es', 2007);
INSERT INTO empresas VALUES ('B73706665', 'CONTALIA, S.L.', '6920', 'www.contalia.es', 278010, 'Murcia', 'Polígono Industrial Oeste. Avda. Principal, 30, Ed. Argos. 2º G (San Gines)', 30169, '+34868075000 - +34659326608', 'info@contalia.es', 2011);
INSERT INTO empresas VALUES ('B73475824', 'VISUALTIS, S.L.', '6202', 'www.visualtis.com', 276770, 'Murcia', 'Carril González Cebrián, 3, Bajo', 30002, '+34968900248 - +34630646378', 'info@visualtis.com', 2006);
INSERT INTO empresas VALUES ('B73965345', 'RMSOFT DESARROLLADORES, S.L.', '6201', NULL, 275515, 'Santomera', 'Calle Antonio Puig Campillo, 1', 30140, NULL, 'rmsoftdesarrolladores@gmail.com', 2017);
INSERT INTO empresas VALUES ('B30884746', 'INTELIUM, S.L.', '7112', 'http://www.intelium.es/', 272182, 'Torre-Pacheco', 'Calle Trasvase, 7', 30700, '+34868085888 - +34677423809', 'info@intelium.es', 2014);
INSERT INTO empresas VALUES ('B73267460', 'INTERPYME INFORMATICA, S.L.', '6209', 'www.interpymeinformatica.com', 271518, 'Torres de Cotillas (Las)', 'Calle Zamora, 6, BJ', 30565, '34968625209', NULL, 2003);
INSERT INTO empresas VALUES ('B30536296', 'CB INFOGESTIÓN, S.L.', '6920', NULL, 271407, 'Murcia', 'Calle Molina de Segura, 3', 30007, '34968245052', 'contabilidad@cbinfogestion.com', 1997);
INSERT INTO empresas VALUES ('B30592687', 'HCSOFT PROGRAMACION, S.L.', '6201', 'www.hcsoft.es', 270472, 'Murcia', 'Calle Párroco José María Belando, 8, 2º A (Santiago y Zaraiche)', 30007, '34968233039', NULL, 1998);
INSERT INTO empresas VALUES ('B73877433', 'SMARTWAY STUDIO, S.L.', '6202', 'http://smartwaystudio.com/', 269503, 'Murcia', 'Calle Tres Hermanos, 8', 30140, '+34868941137 - +34652652321', 'info@smartwaystudio.com', 2015);
INSERT INTO empresas VALUES ('B73762007', 'BANG BRUNDING, S.L.L.', '7311', 'www.bangbranding.com', 268270, 'Murcia', 'Calle Trapería, 19, 4º IZQ', 30001, '+34968078757 - +34674212172', 'bang@bangbranding.com', 2012);
INSERT INTO empresas VALUES ('B54847694', 'JARA SERVICIOS AGRICOLAS DEL SURESTE, S.L.', '4639', NULL, 262353, 'Murcia', 'Avenida Juan Carlos I. , 55, PISO 9', 30100, '34966932362', NULL, 2015);
INSERT INTO empresas VALUES ('B73747677', 'DISEÑO Y SOLUCIONES TIC INFOACP, S.L.', '6202', 'www.acpdesarrollo.com', 261719, 'Molina de Segura', 'Urbanización La Alcayna. C/ Cariatides, 9 (Alcayna (La))', 30507, '34968046228', NULL, 2012);
INSERT INTO empresas VALUES ('B73042186', 'INTA INGENIERÍA INFORMÁTICA, S.L.', '4759', 'www.intainformatica.es', 257403, 'Yecla', 'Calle Maestro Mora, 60', 30510, '+34968795645 - +34968718220', 'daisy@losadanet.com', 1999);
INSERT INTO empresas VALUES ('B57945503', 'CIBERMEDICINA, S.L.', '8560', NULL, 256154, 'Cartagena', 'Calle Félix Martí Alpera. , 74, 5 B', 30205, NULL, 'administracion@psiquiatria.com', 2016);
INSERT INTO empresas VALUES ('B73792962', 'SOLUCIONES DE MARKETING APLICACIONES Y RECURSOS TECNOLOGICOS, S.L.', '6209', NULL, 254097, 'Murcia', 'Calle Juan Antonio Pérez Urruti, 101, 3º E', 30100, '34968760148', NULL, 2013);
INSERT INTO empresas VALUES ('B73645939', 'ESTUDIOFUTURE PRODUCCIONES DIGITALES, S.L.', '9003', 'http://estudiofuture.com', 249017, 'Murcia', 'Plaza Santa Catalina, 6, 7º', 30004, '34968212245', 'info@estudiofuture.com', 2009);
INSERT INTO empresas VALUES ('B73376162', 'T-ORGANIZA SERVICIOS DOCUMENTALES, S.L.', '6311', 'www.t-organiza.es', 248385, 'Archena', 'Calle Brasil, 19, 1º Izq.', 30600, '+34676950835 - +34868054503', 't-organiza@t-organiza.es', 2005);
INSERT INTO empresas VALUES ('B73828444', 'GESTIÓN INFORMÁTICA DE SISTEMAS MURCIA, S.L.', '6209', 'http://www.gismur.com/', 247949, 'Molina de Segura', 'Plaza de La Molinera, 2, Entresuelo', 30500, '34868100400', 'info@gismur.com', 2014);
INSERT INTO empresas VALUES ('B30061980', 'INFOMUR, S.L.', '6201', 'www.infomursl.com', 247148, 'Murcia', 'Calle Batalla De Las Flores, 5, BJ (San Miguel)', 30008, '34968246150', NULL, 1983);
INSERT INTO empresas VALUES ('B73708554', 'PC ÉLITE WORLD INFORMÁTICA, S.L.L.', '4741', NULL, 243276, 'Murcia', 'Calle Gustavo Adolfo Bécquer, 4, 1º', 30430, '34653838484', NULL, 2011);
INSERT INTO empresas VALUES ('B73955726', 'HERRAMIENTA SEO, S.R.L.', '7311', 'https://www.seoclic.com', 235952, 'Murcia', 'Avenida Teniente Montesinos , 10, 17 (Espinardo)', 30100, '+34968108656 - +34968246509', 'pedro@murciaseo.com', 2017);
INSERT INTO empresas VALUES ('B73907008', 'SERINCLOUD, S.L.', '4741', 'www.ingenieriacloud.com', 231421, 'Murcia', 'Calle América, 2, 1º C (Espinardo)', 30100, '+34660114656 - +34622426224', 'info@ingenieriacloud.com', 2015);
INSERT INTO empresas VALUES ('B73649626', 'MERFE GLOBAL, S.L.', '8299', 'WWW.MUBE.ES', 230189, 'Murcia', 'Calle Pintor Juan de Toledo, 2, 1D (Espinardo)', 30011, '+34868300045 - +34605890375', 'EFREN@MUBE.ES', 2009);
INSERT INTO empresas VALUES ('B73133506', 'NX GRAFISMO Y SERVICIOS INFORMÁTICOS, S.L.', '4741', 'www.nxgsi.com', 229038, 'Jumilla', 'Plaza Glorieta, 5, Bajo', 30520, '+34968783916 - +34669467394', 'info@nxgsi.com - gestion@nexo-gsi.com', 2001);
INSERT INTO empresas VALUES ('B73163107', 'JAAM CONSULTORES Y ASESORES FISCALES, S.L.', '6920', 'www.jaamconsultores.com', 228876, 'Murcia', 'Calle Molina De Segura, 5, 1 1 C', 30007, '34968204644', NULL, 2001);
INSERT INTO empresas VALUES ('B73123127', 'INGENIERÍA AVANZADA DE COMUNICACIONES Y SISTEMAS, S.L.', '4741', NULL, 226819, 'Yecla', 'Calle Francisco Azorin, 1', 30510, '+34968752266 - +34605271993', 'info@iac-sistemas.com', 2001);
INSERT INTO empresas VALUES ('A30600100', 'LA ESTRELLA, S.A.', '6209', NULL, 226327, 'Cartagena', 'Calle Jara (Cartagena), 31, 5º', 30201, '34968157239', 'laestrella@salaestrella.com', 1915);
INSERT INTO empresas VALUES ('B30528483', 'CARROCERÍAS YECLA, S.L.', '2920', 'http://www.carroceriasyecla.com/', 225494, 'Yecla', 'Carretera de Jumilla, N-344, Km. 92.800', 30510, '+34968718756 - +34968752886', 'info@carroceriasyecla.com', 1996);
INSERT INTO empresas VALUES ('B73115693', 'ALAMO NETWORKS, S.L.L.', '6920', 'www.alamo.es', 224562, 'Murcia', 'Plaza San Antolín, 2', 30004, '+34968424638 - +34968424929', 'alamo@totana.com', 2001);
INSERT INTO empresas VALUES ('B73626913', 'GRUPO EXPERTO EN TECNOLOGÍAS DE LA INFORMACIÓN Y LA COMUNICACIÓN, S.L.', '6209', 'www.getic.es', 222195, 'Murcia', 'Calle Región de Murcia, 73', 30107, '+34968713016 - +34636300175', 'info@getic.es - soporte@getic.es', 2009);
INSERT INTO empresas VALUES ('B73544900', 'INFORMATICA ESPINARDO, S.L.', '4778', 'www.informaticaespinardo.es', 221157, 'Murcia', 'Calle Clavel, 1', 30100, '34968306475', NULL, 2007);
INSERT INTO empresas VALUES ('B30898779', 'IDEATIC DEVELOPMENT, S.L.U.', '7311', 'www.biwenger.com', 220794, 'Cartagena', 'Polígono Industrial Cabezo Beaza. C/Berlin Nº 3. Edificio CEEIC', 30353, '34619902464', 'javier@biwenger.com', 2016);
INSERT INTO empresas VALUES ('B05543616', 'SOLUCIONES GLOBALES EFICIENTES, S.L.', '6209', NULL, 220616, 'Murcia', 'Calle Madre de Dios, 9', 30004, '+34968078754 - +34683222857', 'administracion@sinformaticas.com', 2019);
INSERT INTO empresas VALUES ('B73488116', 'AUDITTA CONSULTORES DE SISTEMAS, S.L.', '6311', 'www.auditta.es', 219916, 'Lorca', 'Avenida Juan Carlos I, 5, Edificio Salinas Oficina 5', 30800, '+34968441686 - +34968444214', 'auditta@auditta.es', 2006);
INSERT INTO empresas VALUES ('B73760936', 'BDS BEE SOCIAL MEDIA S.L.', '7021', 'www.beesocial.es', 219563, 'Murcia', 'Calle Junterones, 8', 30008, '34968202788', 'cris@beesocialmedia.com', 2012);
INSERT INTO empresas VALUES ('B73987737', 'EMPIRIA SISTEMAS, S.L.', '6202', 'https://www.empiria.es/', 219120, 'Totana', 'Calle Luis Martínez González, 6', 30850, '+34968425727 - +34652147662', 'info@empiria.es', 2018);
INSERT INTO empresas VALUES ('B73961450', 'SECIFY IBÉRICA, S.L.', '6190', 'secify.es', 218748, 'Murcia', 'Avenida Ciclista Mariano Rojas, 76, 4º Planta', 30009, '34968350835', 'gonzalo@secify.es - info@secify.es', NULL);
INSERT INTO empresas VALUES ('B73892036', 'ECN ELECTRONICS IBERIA, S.L.', '2611', 'https://www.ecnelectronics.com/', 218332, 'Molina de Segura', 'Polígono Industrial Tapiado. Cl/ Jose Cremade s, 1', 30500, '34968642672', 'info@ecnelectronics.com', 2015);
INSERT INTO empresas VALUES ('B73198491', 'DORJAN SISTEMAS Y DATOS, S.L.', '6202', 'www.dorjansistemas.com', 217992, 'Lorca', 'Alameda, aldea Cervantes, 19, A2 1G', 30800, '34968472164', 'consultoria@dorjansistemas.com', 2002);
INSERT INTO empresas VALUES ('B73801359', 'TIENDAS ONLINE HABITAHOME, S.L.', '4791', NULL, 215544, 'Alcantarilla', 'Polígono Industrial Oeste. C/ Colombia, Parcela 17/12 C', 30820, '34968898041', NULL, 2013);
INSERT INTO empresas VALUES ('B73810020', 'BIOSOFT PROJECT S.L.', '4741', 'www.biosoftds.com', 215437, 'Murcia', 'Polígono Industrial Oeste. Avda. Principal, Edif. Quipar, 3º C (San Gines)', 30169, '34968885229', 'mario@biosoftds.com', 2013);
INSERT INTO empresas VALUES ('B73279960', 'INGENIA STI, S.L.', '6209', NULL, 213315, 'Molina de Segura', 'Plaza de La Ceramica, 6, 3º B', 30500, '34968362800', NULL, 2004);
INSERT INTO empresas VALUES ('B30786230', 'SOFTWARE DE GESTION XGEST, S.L.', '6201', NULL, 211252, 'Cartagena', 'Polígono Industrial Cabezo Beaza. C/ Bucarest, 95', 30353, '+34868181535 - +34968559105', NULL, 2005);
INSERT INTO empresas VALUES ('B73411001', 'GESTION DE MEDIOS DE MARKETING, S.L.', '1812', 'www.gsmcomunicacion.com', 208837, 'Murcia', 'Calle Francisco de Moncada, 4, Bajo (Cabezo de Torres)', 30110, '+34968308430 - +34606357626', 'info@gsmcomunicacion.com', 2005);
INSERT INTO empresas VALUES ('B73784225', 'IBERNET DEL SIGLO XXI, S.L.', '6202', 'www.iberdose.es', 204797, 'Murcia', 'Ronda Levante, 4', 30008, '34968967136', NULL, 2013);
INSERT INTO empresas VALUES ('B30855464', 'BRANDE COMUNICACIÓN, S.L.', '6209', 'www.brande.es', 202319, 'Cartagena', 'Polígono Santa Ana. C/ Catanzaro, 6, 2ºA (San Juan)', 30319, '+34968083300 - +34653890023', 'info@brande.es', 2011);
INSERT INTO empresas VALUES ('B05532460', 'HR NOMINAPRESS 360, S.L.', '6202', 'https://nivimu.com/', 201522, 'Murcia', 'Parque Científico Murcia. Ctra. Madrid, km.388 (Espinardo)', 30100, '+34635321338 - +34681185946', 'info@nominapress.es', NULL);
INSERT INTO empresas VALUES ('B73875817', 'SERÉ BREVE ESTUDIO, S.L.', '7311', 'https://www.lanegrita.es/', 200934, 'Murcia', 'Ronda Norte, 16, Entresuelo Drcha.', 30009, '34968714313', 'ivan@lanegrita.es - info@lanegrita.es', 2015);
INSERT INTO empresas VALUES ('B73773533', 'CHILLYPILLS COMUNICACIÓN, S.L.', '6201', 'CHILLYPILLS.COM', 199646, 'Murcia', 'Calle dalias, 4, 1º A', 30009, '34660361174', 'info@chillypills.com', 2012);
INSERT INTO empresas VALUES ('B73116303', 'ITYIS SIGLO XXI, S.L.', '6209', 'www.ityis.com', 198715, 'Murcia', 'Calle Apostoles, 10, 1 C', 30001, '+34965265404 - +34965152504', NULL, 2001);
INSERT INTO empresas VALUES ('B73869703', 'INTELLIGENT APPS DESIGN AND DEVELOPMENT, S.L.', '6201', 'https://intelia-ai.com/', 196502, 'Murcia', 'Avenida Miguel de Cervantes , 45, Bajo 50', 30009, '+34968726248 - +34630575131', 'info@inteliatec.com', 2015);
INSERT INTO empresas VALUES ('B73782427', 'SERVICIOS CONSULTORÍA TECNOLÓGICA PARA PYMES, S.L.', '9511', NULL, 193162, 'Torres de Cotillas (Las)', 'Calle Mayor, 24', 30565, '+34968232717 - +34653601093', 'administracion@sctecnologica.es', 2013);
INSERT INTO empresas VALUES ('A30047336', 'SISTEMA REPROGRAFÍA E INFORMÁTICA, S.A.', '4666', 'www.sireinsa.com', 192823, 'Murcia', 'Calle Arquitecto Emilio Piñero, 5, Bjo', 30007, '+34902010441 - +34968243597', 'info@sireinsa.com', 1981);
INSERT INTO empresas VALUES ('B73873267', 'A2N AUTOMATION SYSTEMS, S.L.', '3312', 'https://www.a2nsistemas.es/', 191878, 'Mula', 'Calle Francisco Sarabia González. , 7, PISO 2 H', 30170, '34650736316', 'a.lopez@a2nsistemas.es', 2015);
INSERT INTO empresas VALUES ('B30510440', 'CONFIGURACIONES INTEGRALES, S.L.', '4741', 'www.configuraciones.net', 191308, 'Calasparra', 'Avenida Teniente Flomesta, 44', 30420, '34968723001', 'asalinas@configuracionesintegrales.com', 1996);
INSERT INTO empresas VALUES ('B73946436', 'ZETA UNO SOLUCIONES INTEGRALES, S.L.', '6201', 'https://zetaunosoluciones.es/', 190277, 'Alcantarilla', 'Calle Oeste. C/ Uruguay, Par. 24/11. Mod. C7', 30820, '+34665559669 - +34968741575', 'juanfran@zetauno.es', NULL);
INSERT INTO empresas VALUES ('B30909998', 'NEORADIX SMARTGREEN, S.L.', '4651', 'https://www.neoradixsolutions.com/', 190254, 'Murcia', 'Lugar Campus Universitario de Espinardo, 7, Ed. CEEIM (Espinardo)', 30002, '+34678444285 - +34638673602', 'info.murcia@neoradixsolutions.com', NULL);
INSERT INTO empresas VALUES ('B73973406', 'O2W LEADING SOFTWARE, S.L.', '6202', 'https://o2w.es/', 189172, 'San Javier', 'Calle Trovero Marín, 5', 30730, '34968192905', 'info@o2w.es', 2017);
INSERT INTO empresas VALUES ('B01660513', 'AICRUM IT, S.R.L.', '6201', 'www.aicrumit.com', 188382, 'Murcia', 'Lugar Campus Universitario de Espinardo, 7 (Espinardo)', 30100, '+34644190463 - +34661727951', 'info@aicrumit.com - tvelin@gmail.com', NULL);
INSERT INTO empresas VALUES ('B73499063', 'SERVICIOS INTEGRALES MURCIANOS, S.L.', '9609', NULL, 187370, 'Molina de Segura', 'Calle Cieza, 16', 30500, '+34902162646 - +34626483581', 'jesusgomez@simdoc.es', 2007);
INSERT INTO empresas VALUES ('B73675795', 'THADERSAT 4.1, S.L.L.', '4741', 'www.thadersat.es', 185543, 'Murcia', 'Avenida Juan Carlos I, 88, Esc. 1. 4º A', 30007, '34868955933', 'administracion@thadersat.es', 2010);
INSERT INTO empresas VALUES ('B73756033', 'PUBLIANAGRAMA, S.L.', '7410', 'https://publianagrama.com/', 183864, 'San Pedro del Pinatar', 'Calle Adolfo Ceño, 10', 30740, '34968180520', 'alberto@publianagrama.com', 2012);
INSERT INTO empresas VALUES ('B73247322', 'CITYSOL MURCIA, S.L.', '6820', NULL, 182272, 'Molina de Segura', 'Calle Sierra Del Taibilla, 22 (Alcayna (La))', 30507, '34868955427', NULL, 2003);
INSERT INTO empresas VALUES ('B73277592', 'ASISTENCIA EMPRESARIAL Y DESARROLLO INFORMÁTICO, S.L.', '8299', NULL, 178240, 'Murcia', 'Avenida Juan Carlos I, 31, BAJO', 30009, '34968901292', NULL, 2004);
INSERT INTO empresas VALUES ('B73414856', 'GLOBAL TOUCH EXPRESS, S.L.', '6201', 'www.global-soft.es', 177788, 'Murcia', 'Avenida de Europa, 15, Bjo', 30007, '34902100298', 'global@global-soft.es', 2005);
INSERT INTO empresas VALUES ('B30785992', '102 NOVADOC, S.L.', '4759', 'http://www.novadoc.net', 174099, 'Cartagena', 'Calle Camino, 31 (Aljorra (La))', 30390, '+34868610292 - +34656774169', 'info@102novadoc.es', 2005);
INSERT INTO empresas VALUES ('B30402663', 'NEWTECH NUEVAS TECNOLOGIAS, S.L.', '7120', 'http://www.newtech.es', 173474, 'Cartagena', 'Calle Alfonso X El Sabio, 39, 3 A', 30204, '34968534848', NULL, 1985);
INSERT INTO empresas VALUES ('B73956906', 'SCORPIO CONSULTORES Y ASESORES, S.L.', '8211', NULL, 172850, 'Murcia', 'Calle Floridablanca (El Carmen), 69, PISO 1 A', 30002, NULL, NULL, 2017);
INSERT INTO empresas VALUES ('B30750350', 'H.P. MURALBA, S.L.', '3811', NULL, 170453, 'Cartagena', 'Camino a Los Cegarras, 18 (Albujón)', 30330, '34968312100', NULL, 2001);
INSERT INTO empresas VALUES ('B81992398', 'GLOBAL SOLUTIONS SOFT, S.L.', '6201', 'www.global-soft.es', 168722, 'Murcia', 'Avenida de Europa, 15, Bjo', 30007, '+34902100298 - +34968271014', 'global@global-soft.es', 1998);
INSERT INTO empresas VALUES ('B73676488', 'ACCESIUM TECHNOLOGY, S.L.', '2611', 'www.accesium.es', 168290, 'Murcia', 'Paseo Teniente Flomesta, 5, Ed. Convalecencia', 30003, '34868957270', 'juan@accesium.es', 2010);
INSERT INTO empresas VALUES ('B73610586', 'FORTICS INGENIERIA INFORMATICA, S.L.', '6209', 'www.fortics.es', 168246, 'Murcia', 'Calle Rodriguez de la Fuente, 10, ESC 1 . PLT 6', 30120, NULL, NULL, 2008);
INSERT INTO empresas VALUES ('B73870016', 'SAGASTA 15, S.L.', '7312', 'www.sagastaquince.com', 167922, 'Murcia', 'Calle Sagasta, 15, 1º A', 30004, '+34968976410 - +34639337297', 'info@sagastaquince.com', 2015);
INSERT INTO empresas VALUES ('B73801433', 'SONS OF A BIT ENTERTAINMENT, S.L.', '8299', 'https://sonsofabit.com/es/', 167287, 'Murcia', 'Calle Brazal del Salar , 58, 3º C (Llano de Brujas)', 30161, '+34868789900 - +34606950486', 'info@sonsofabit.com', 2013);
INSERT INTO empresas VALUES ('B30885503', 'PROXYMMA CONSULTORIA Y SISTEMAS, S.L.', '6202', 'www.proxymma.com', 167261, 'Cartagena', 'Calle Nueva, 12 (Aparecida (La))', 30395, '+34868048320 - +34609637435', 'info@proxymma.com', 2014);
INSERT INTO empresas VALUES ('B73746125', 'GROWCO QUALITY PROCESS, S.L.U.', '6209', 'www.growco.es', 166945, 'Murcia', 'Paraje los Cegarras, 1', 30154, '34678535960', 'albertocavero@growco.es', 2012);
INSERT INTO empresas VALUES ('B73328718', 'ZICLOPE INGENIERIA INFORMATICA, S.L.', '6209', 'www.ziclope.net', 165536, 'Murcia', 'Calle Tenor Santiago Sánchez, 30 (Espinardo)', 30100, '34968838208', NULL, 2004);
INSERT INTO empresas VALUES ('B73172363', 'ADM JUVER, S.L.', '4754', 'www.admjuver.com', 165526, 'Murcia', 'Calle Cresta Gallo, 5 (Santo Ángel)', 30151, '34968379657', NULL, 2002);
INSERT INTO empresas VALUES ('B73508632', 'ARTSOLUT ESTUDIO, S.L.', '7311', 'https://www.artsolut.es', 165493, 'Murcia', 'Calle Intendente Patiño, 4, 2º B', 30007, '+34968967719 - +34629690373', 'info@artsolut.es - hola@artsolut.es', 2007);
INSERT INTO empresas VALUES ('B73867202', 'GRUPO TECNOLÓGICO MANTIS, S.L.', '6201', 'https://grupotecnologicomantis.es/', 163672, 'Yecla', 'Calle Zaplana, 11, Entresuelo', 30510, '+34968958398 - +34665078573', 'info@techconsulting.es', 2015);
INSERT INTO empresas VALUES ('B73643363', 'AVANTO DOCUMENTAL, S.L.', '5210', 'www.azproteccion.com', 159112, 'Molina de Segura', 'Polígono Industrial C/ Caravaca, 44, Nave C 5', 30500, '34968105110', 'murcia@docland.es', 2009);
INSERT INTO empresas VALUES ('B73196420', 'ES LO MISMO, S.L.', '4666', NULL, 156043, 'Murcia', 'Calle Marquesa. , 3', 30004, '34968283179', NULL, 2002);
INSERT INTO empresas VALUES ('B73922890', 'ONESOFT DESARROLLO, S.L.', '6201', 'https://onesoft.es/', 155661, 'Murcia', 'Avenida Alcaldes De Murcia. , 10', 30007, '34670303355', 'onesoft@onesoft.es', 2016);
INSERT INTO empresas VALUES ('B30451728', 'CÓDIGO GRÁFICO, S.L.U.', '7410', 'www.cg21.net', 155115, 'Yecla', 'Calle Juan Ortuño, 51', 30510, '34968750314', 'cg@cg21.net', 1995);
INSERT INTO empresas VALUES ('B73847857', 'DATUARY, S.L.', '6201', 'www.datuary.com', 154862, 'Murcia', 'Lugar Campus Universitario Espinardo, 7, Ed. CEEIM (Espinardo)', 30100, '+34868941363 - +34868941353', 'info@datuary.com - info@biuwer.com', 2014);
INSERT INTO empresas VALUES ('B73881807', 'EXONETWORKS, S.L.U.', '6110', 'https://www.exolution.es/', 154288, 'Alguazas', 'Calle Severo Ochoa, 14º B', 30560, '+34968280102 - +34668827702', 'info@exolution.es', 2015);
INSERT INTO empresas VALUES ('B73840068', 'L M L CANO ASESORES, S.L.', '6920', 'http://www.lmlcano.es/', 153872, 'Murcia', 'Avenida Juan Carlos I, 19, PISO 1', 30009, '34968900282', 'mdolores@lmlcano.es', 2014);
INSERT INTO empresas VALUES ('B73426983', 'GRUPO URBANISTICO CASTAÑO, S.L.', '6832', NULL, 152727, 'Cieza', 'Calle Carreterica Posete, 31, 1', 30530, '34968453612', NULL, 2006);
INSERT INTO empresas VALUES ('B73881153', 'ACERKATE TECNOLOGÍAS, S.L.', '1812', 'https://acerkate.com/', 152517, 'Jumilla', 'Calle Viriato, 4', 30520, '+34661923363 - +34868976663', 'info@acerkate.com', 2015);
INSERT INTO empresas VALUES ('B73859423', 'UPICUS FOREST, S.L.', '6201', 'www.upicus.com', 152356, 'Murcia', 'Avenida Ciclista Mariano Rojas, 52, 8º A', 30009, '+34722868754 - +34968903020', 'info@upicus.com', 2014);
INSERT INTO empresas VALUES ('B05514732', 'NALADEX STUDIOS, S.L.', '6201', 'www.naladex.com', 151772, 'Murcia', 'Alameda, aldea Capuchinos, 19', 30002, NULL, NULL, 2018);
INSERT INTO empresas VALUES ('B73513335', 'DLC DESTRUCCIÓN Y ALMACENAMIENTO DE DATOS, S.L.', '8020', 'http://dlcmurcia.com/', 150959, 'Ceutí', 'Polígono Industrial Los Torraos. C/ Valencia, 11', 30562, '+34968678976 - +34630366844', 'info@dlcmurcia.com', 2007);
INSERT INTO empresas VALUES ('B05541966', 'ABM CLOUD SOLUTIONS 2000, S.L.', '6201', 'http://www.abmcloudsolutions.com/', 150396, 'Alcantarilla', 'Calle Ilusión, 4, Esc. 4. 2º D', 30820, '34697713040', 'amunoz@abmcloudsolutions.com', NULL);
INSERT INTO empresas VALUES ('B30923973', 'WALFEN TECHNOLOGIES, S.L.U.', '6202', 'http://www.walfen.com', 148511, 'Cartagena', 'Calle Ángel Bruna, 50, Esc 1. 2ºA', 30203, '+34644701260 - +34679220979', 'info@walfen.com', NULL);
INSERT INTO empresas VALUES ('B30216865', 'ARCHIPLUS CUSTODIA DE DOCUMENTOS, S.L.', '7490', 'www.redyser.com', 147918, 'Murcia', 'Polígono Industrial Cabezo Cortado. Cl F, S/N', 30100, '34902200060', NULL, 1989);
INSERT INTO empresas VALUES ('B30910459', 'SISTEMAS DE SEGURIDAD ONLINE, S.L.', '6201', NULL, 147146, 'Cartagena', 'Calle Prolongación Ángel Bruna, 1, ESC ES 3 IZ', 30300, NULL, NULL, 2017);
INSERT INTO empresas VALUES ('B73576654', 'MIRALTEC INFORMÁTICA, S.L.L', '4651', NULL, 146470, 'Santomera', 'Calle San León, 21, Edificio Capitol', 30140, '34968860582', 'miguel@miraltec.com', 2008);
INSERT INTO empresas VALUES ('B73282998', 'VIRTUALYSOFT YECLA, S.L.', '6203', 'www.virtualysoft.com', 145297, 'Yecla', 'Calle Francisco Castaño, 57', 30510, '34968970066', NULL, 2004);
INSERT INTO empresas VALUES ('B30306039', 'JLQS, S.L.', '6201', 'www.jlqs.net', 144201, 'Alcantarilla', 'Polígono Industrial Oeste. C/ Peru, Parcela 5', 30820, '+34968224613 - +34968889015', NULL, 1991);
INSERT INTO empresas VALUES ('B73752941', '160WORLD, S.L.', '6209', 'www.160world.com', 143688, 'Calasparra', 'Avenida Primero de Mayo, 6, 3º C', 30420, '34868185585', 'pjgonzalez@160world.com', 2012);
INSERT INTO empresas VALUES ('B73843120', 'INVERSIONES TECNOLOGICAS Y FARMACEUTICAS EUROPEAS, S.L.', '4773', NULL, 142581, 'Lorca', 'Calle Santa Ana (Almendricos)', 30800, '34968362800', NULL, 2014);
INSERT INTO empresas VALUES ('B73278814', 'ARIAL CONSULTORES S.L.', '6920', 'www.omare.es', 142440, 'Murcia', 'Avenida Miguel De Cervantes, 45, 9 (San Basilio)', 30009, '34968280460', 'info@arialconsultores.es', 2004);
INSERT INTO empresas VALUES ('B73902629', 'SISYTEC NETWORKS, S.L.', '6202', 'https://www.sisytec.es', 142393, 'Librilla', 'Calle Francisco Melendreras, 44', 30892, '+34968964633 - +34630605592', 'hardware@sisytec.es', 2015);
INSERT INTO empresas VALUES ('B73806036', 'ELECTRÓNICA CREATIVA 3D, S.L.', '6201', 'https://creativa3d.com/', 142199, 'Molina de Segura', 'Calle Juan de La Cierva, 52', 30500, '34640356601', 'contacto@creativa3d.com', 2013);
INSERT INTO empresas VALUES ('B01594746', 'SLANG INNOVATIONS, S.L.', '6201', 'slango.es', 141590, 'Murcia', 'Lugar Campus Universitario de Espinardo. Crta. Madrid, Km 388 (Espinardo)', 30100, '+34669108884 - +34794749880', 'info@slango.es', NULL);
INSERT INTO empresas VALUES ('B30858617', 'NOVORED TELECOM, S.L.', '6110', NULL, 140608, 'Cartagena', 'Polígono Industrial De Las Descalzas, 5, PISO 2 A', 30203, '+34999999999 - +34696781165', NULL, 2011);
INSERT INTO empresas VALUES ('B85298420', 'SUMIMASEN, S.L.', '8299', 'https://www.solazlines.com/', 139851, 'San Javier', 'Urbanización Villas Aldea Real, A-42', 30380, '+34606806795 - +34634566795', 'info@solazlines.com', 2007);
INSERT INTO empresas VALUES ('B04435806', 'TECHSENDAS, S.L.', '8559', 'www.edusendas.es', 138853, 'Murcia', 'Calle Juan Ayllon, 34', 30163, '+34968852589 - +34968860635', NULL, 2003);
INSERT INTO empresas VALUES ('B73889545', 'BIOMETRIC VOX, S.L.', '6209', 'https://biometricvox.com/', 138695, 'Murcia', 'Calle Gabriel García Marquez, s/n, Bajo (Espinardo)', 30100, '+34968286383 - +34868124737', 'administration@biometricvox.com', 2015);
INSERT INTO empresas VALUES ('B30725832', 'CONSTRUCCIONES HERNÁNDEZ COPERO, S.L.', '6202', NULL, 138042, 'Fuente Álamo de Murcia', 'Calle Alemania, 113', 30320, '34902204045', NULL, 1998);
INSERT INTO empresas VALUES ('B30876718', 'ONNIX SOFTWARE, S.L.', '6201', 'www.onnix.es', 137155, 'San Pedro del Pinatar', 'Plaza Marisa Martínez, 15, Ed. Costa 3', 30740, '34663822968', 'info@onnix.es', 2013);
INSERT INTO empresas VALUES ('B73926164', 'VISIONAPP SOLUTIONS, S.L.', '7219', 'https://www.miopia.app/', 136970, 'Águilas', 'Avenida Juan Carlos I, 53, Planta 00', 30880, '34968410426', 'contact@visionapp.org', 2016);
INSERT INTO empresas VALUES ('B30783906', 'AULA NOVA CEENP, S.L.', '8559', NULL, 136034, 'Unión (La)', 'Calle Sor Virtudes Lopez, 22', 30360, '+34968570693 - +34868064727', 'aulanova@ono.com', 2005);
INSERT INTO empresas VALUES ('B30829105', 'COBENSUS TECHNOLOGY, S.L.', '4741', 'www.cobensus.es', 135764, 'Torre-Pacheco', 'Calle Boquera, s/n', 30700, '34659120957', NULL, 2008);
INSERT INTO empresas VALUES ('A30464200', 'ESPECIALISTAS EN PRODUCCION DE MURCIA, S.A.', '6209', NULL, 135157, 'Murcia', 'Calle Escultor Nicolas De Bussi, 2', 30002, '34968308309', NULL, 1995);
INSERT INTO empresas VALUES ('B73102246', 'NAVMOR & FARMA, S.L.', '4775', NULL, 135053, 'Murcia', 'Calle Sierra de Peñarrubia, s/n', 30009, '34968293306', NULL, 2000);
INSERT INTO empresas VALUES ('B30864300', 'JOSÉ LAX AUTOMATION & CONTROL, S.L.', '7112', NULL, 134463, 'Alcázares (Los)', 'Calle José García Canovas, 6, 1º E', 30710, '34968362800', NULL, 2012);
INSERT INTO empresas VALUES ('B73695454', 'TECNOAVANZA DESARROLLOS, S.L.', '6201', 'www.tecnoavanza.com', 132475, 'Murcia', 'Lugar Parque Científico de Murcia. Crta. de Madrid, 388 (Espinardo)', 30100, '+34659292379 - +34968079742', 'Info@tecnoavanza.com', 2010);
INSERT INTO empresas VALUES ('B73968026', 'AUTOMATION TECHNICAL ADVICE, S.L.', '6201', NULL, 131348, 'Murcia', 'Calle CAMPUS UNIVERSITARIO DE ESPINARDO, 7 (Espinardo)', 30100, '34600414718', 'ATEAD@ATEAD.ES', NULL);
INSERT INTO empresas VALUES ('B30696918', 'J. SAURA ASESORES, S.L.', '6920', 'J.SAURAASESORES.COM', 130752, 'Cartagena', 'Calle Alcalde Zalamea, 5 (Algar (El))', 30366, '+34968135006 - +34698135006', 'laboral@jsauraasesores.es', 1994);
INSERT INTO empresas VALUES ('B73944696', 'SMART DRIVE, S.L.', '8553', NULL, 130748, 'Murcia', 'Plaza Bohemia, 2, PISO 6', 30009, NULL, NULL, 2016);
INSERT INTO empresas VALUES ('B30870281', 'OFICIA SISTEMAS, S.L.', '6209', NULL, 130557, 'Cartagena', 'Avenida Pintor Portela, 38, 3º E', 30203, '+34868090388 - +34968526653', 'jcperez@oficiasistemas.es', 2012);
INSERT INTO empresas VALUES ('B05517859', 'SMARTPEACH, S.L.U.', '7311', 'www.smartpeach.es', 130473, 'Cieza', 'Calle General Espartero, 63', 30530, '34656995661', 'contacto@smartpeach.es', NULL);
INSERT INTO empresas VALUES ('B73886624', 'PANTUMAKA COMUNICACIÓN, S.L.', '7311', 'www.pantumaka.es', 130007, 'Murcia', 'Calle Gonzalez Adalid, 11, 3 Izquierda', 30001, '+34868974994 - +34968809500', 'toctoc@pantumka.es', 2015);
INSERT INTO empresas VALUES ('B05542105', 'COSTA MARKETING Y SISTEMAS, S.L.', '8299', 'www.dcosta.es', 67102, 'Cartagena', 'Polígono Industrial Cabezo Beaza. Avenida Bruselas, parcela 112', 30353, '34868245436', 'psr@grupodcosta.com', 1999);
INSERT INTO empresas VALUES ('B73906463', 'RUNIT DEVELOPMENT, S.L.', '6201', NULL, 66560, 'Molina de Segura', 'Calle Portman. , S/N', 30500, '34968389569', NULL, 2015);
INSERT INTO empresas VALUES ('B73826935', 'BYPROX DEVELOPMENT S.L.', '5829', 'http://www.byprox.com', 66361, 'Murcia', 'Calle Campus Univ. Espinardo, Edif. CEEIM, 7, MODULO 23 (Espinardo)', 30100, '34968900301', 'info@byprox.com', 2014);
INSERT INTO empresas VALUES ('B30892566', 'GERESIN CARTAGENA, S.L.', '4666', NULL, 65251, 'Cartagena', 'Camino A Los Cegarras, 18 (Albujón)', 30330, '34968312100', NULL, 2015);
INSERT INTO empresas VALUES ('B73699605', 'ROSA RAMALLO, S.L.', '6622', NULL, 65034, 'Murcia', 'Calle Marinero Juan Vizcaino, 2', 30007, '+34968362800 - +34650029375', NULL, 2011);
INSERT INTO empresas VALUES ('B73960577', 'ILOBA CAPITAL, S.L.', '7120', NULL, 64882, 'San Pedro del Pinatar', 'Calle Nuestra Señora Del Carmen, 19', 30740, '34968171341', NULL, 2017);
INSERT INTO empresas VALUES ('B30437602', 'INFORSUR CONSULTING, S.L.', '6910', NULL, 64463, 'Murcia', 'Barrio Ntra. Sra. de los Remedios, 7', 30009, '+34968284801 - +34968286440', 'inforsur@dps.es', 1994);
INSERT INTO empresas VALUES ('B73996332', 'DIGITAL ASSETS DEVELOPMENT, S.L', '6209', 'https://www.adelayn.com/', 64402, 'Murcia', 'Avenida Alicante, 15, 3º D (Murcia)', 30007, '34605886717', 'aymarceldran@adelayn.com', NULL);
INSERT INTO empresas VALUES ('B05550975', 'BLEECKER TECHNOLOGIES, S.L.', '9321', 'www.bleecker.tech', 64057, 'Murcia', 'Lugar Campus Universitario de Espinardo, Ed. CEEIM (Espinardo)', 30100, '+34666475000 - +34968174804', 'jrsanchez@bleecker.tech', NULL);
INSERT INTO empresas VALUES ('B73945164', 'NIMBOS DIGITAL SOLUTIONS S.L.U.', '6209', 'www.nimbosdigital.es', 63999, 'Murcia', 'Calle Madre Paula Gil Cano, Edif.Torre Jemeca, 2, 1ª PLANTA', 30009, '34968909745', 'info@nimbosdigital.es', NULL);
INSERT INTO empresas VALUES ('B73624702', 'JUST DIFFERENT PEOPLE, S.L.U', '5630', 'www.ciboricco.es', 62852, 'Murcia', 'Calle Laurel, 12, BJ (Puntal (El))', 30009, '34968351690', NULL, 2009);
INSERT INTO empresas VALUES ('B73847717', 'VEGA TECNOLOGIA INFORMATICA, S.L.', '6201', NULL, 61797, 'Molina de Segura', 'Plaza Teatro, 6', 30500, NULL, NULL, 2014);
INSERT INTO empresas VALUES ('B73964538', 'WHITE LYNX BUSINESS, S.L.', '6201', 'https://www.wlynx.es/', 59140, 'Cartagena', 'Calle Ángel , Ed. Eldi. Bajo. UPCT', 30202, '+34653759548 - +34653759548', 'admin@wlynx.es', 2017);
INSERT INTO empresas VALUES ('B05567474', 'MC TRUCKS AND SERVICES CONSULTING, S.L.', '5229', 'https://www.consultingmc.es/', 58604, 'Murcia', 'Avenida de los Pinos, 7, 6º', 30007, '34679988952', 'info@consultingmc.es', NULL);
INSERT INTO empresas VALUES ('B73685216', 'VORTEX EVOLUTION SOFTWARE, S.L', '6201', NULL, 58173, 'Alcantarilla', 'Polígono Industrial Oeste C/ Uruguay, 13, Parcela 13. Ed. Magalia', 30820, '+34653793594 - +34910052642', 'jromero@sidart.com', 2010);
INSERT INTO empresas VALUES ('B54555529', 'TELENATURA EBT, S.L.', '7120', 'www.telenaturaebt.es', 57749, 'Murcia', 'Plaza de Castilla, 1, 4 B', 30009, '34649581413', 'telenaturaebt@telenaturaebt.es', NULL);
INSERT INTO empresas VALUES ('B73856759', 'RECREA BRANDING MADRID, S.L.', '7311', NULL, 57568, 'Murcia', 'Calle Madre Teresa Calcuta. Cs Carril Iglesia. , 6, BAJO D', 30007, NULL, NULL, 2014);
INSERT INTO empresas VALUES ('B30795355', 'GIGATEC REDES Y COMUNICACIONES, S.L.', '3314', NULL, 57072, 'Fuente Álamo de Murcia', 'Carretera Cartagena, KM. 418', 30320, '34968550586', 'gigatecsl@gigatecsl.com', 2006);
INSERT INTO empresas VALUES ('B73770166', 'CR&G INVESTMENTS - LEGALGROUP, S.L.', '6920', 'www.vibrain.es', 56075, 'Murcia', 'Avenida Libertad, 5, 1B (Murcia)', 30009, '34652079169', 'info@vibrain.es', 2012);
INSERT INTO empresas VALUES ('B73765596', 'LA BRÚJULA DEL GOURMET, S.L.', '8299', 'labrujuladelgourmet.com', 56025, 'Molina de Segura', 'Calle LA ESTACIÓN, 20, IZ, 5º C (Molina de Segura)', 30500, '34868045970', 'info@labrujuladelgourmet.com', 2012);
INSERT INTO empresas VALUES ('B30861728', 'INGENIATIC DESARROLLO, S.L.', '6202', 'http://www.ingeniatic.com', 55947, 'Cartagena', 'Calle del Ángel, s/n, Ed. Eldi', 30203, '+34968324144 - +34662354982', 'info@ingeniatic.com', 2011);
INSERT INTO empresas VALUES ('B73923047', 'REACCION CLOUD S.L.', '6202', NULL, 55784, 'Caravaca de la Cruz', 'Plaza San Juan de La Cruz, 4', 30400, NULL, NULL, 2016);
INSERT INTO empresas VALUES ('B73478588', 'CELDRAN & ALENDA DE INVERSIONES, S.L.', '6820', NULL, 54577, 'Murcia', 'Calle Jerónimo Guijarro, 2', 30009, NULL, NULL, 2006);
INSERT INTO empresas VALUES ('B53432613', 'PALMERAS GOLF INVEST, S.L.', '6831', NULL, 54408, 'Murcia', 'Plaza Circular, 6, 2º B', 30008, '+34966760839 - +34609632782', NULL, 2000);
INSERT INTO empresas VALUES ('B73669830', 'MARKETING FUTURE, S.L.', '4639', NULL, 52962, 'Murcia', 'Lugar Paraje Acequia Aljada. , 19', 30008, NULL, NULL, 2010);
INSERT INTO empresas VALUES ('B73811101', 'TAOWS ACADEMY, S.L.', '8559', NULL, 52840, 'Murcia', 'Calle Miguel Servet, 2', 30002, '+34722778470 - +34868457286', 'info@taows-academy.com', 2013);
INSERT INTO empresas VALUES ('B73287856', 'AVATAR INTERNET, S.L.L.', '6209', 'http://www.avatarinternet.com', 52663, 'Totana', 'Calle Del Alamo, 8', 30850, '34968421164', 'a@avatarinternet.com', 2004);
INSERT INTO empresas VALUES ('B73908030', 'TECOMED SISTEMAS DE ADMINISTRACION, S.L.', '6201', NULL, 52545, 'Murcia', 'Calle Molina de Segura, 5, BL 7 PISO 2 C', 30007, '34633026362', NULL, 2016);
INSERT INTO empresas VALUES ('B73495624', 'ITACA SISTEMAS, S.L.', '6201', 'www.itacasistemas.com', 51918, 'Jumilla', 'Calle Juan Ramon Jiménez, 15', 30520, '34968716042', 'info@itacasistemas.com', 2007);
INSERT INTO empresas VALUES ('B73176026', 'COMPUBRIDGE, S.L.', '4759', 'www.compubridge.es', 51693, 'Murcia', 'Calle Sol, 4 (Puente Tocinos)', 30006, '34968302889', 'compubridge@compubridge.es', 2002);
INSERT INTO empresas VALUES ('B73966012', 'ISP360 SOFTWARE SL', '6201', NULL, 51313, 'Murcia', 'Calle Juan Garcia Abellan, 8, 1B (Murcia)', 30007, '34699589611', 'gmartinez@isp360.es', 2017);
INSERT INTO empresas VALUES ('B30549141', 'CONSEJEROS Y CONSULTORES, S.L.P.', '7022', 'www.consejerosconsultores.com', 51120, 'Murcia', 'Calle Polo de Medina, 21, 3º (Catedral (La))', 30004, '34968221922', NULL, 1997);
INSERT INTO empresas VALUES ('B73698847', 'METROPOLITAN XXI, S.L.', '6920', NULL, 50735, 'Murcia', 'Avenida Europa, 10, Edificio Roma. Escalera 2,6ºA', 30007, '34968362800', NULL, 2011);
INSERT INTO empresas VALUES ('B30789754', 'CECANATO, S.L.', '4759', NULL, 50686, 'Cartagena', 'Avenida Pintor Portela, 3', 30203, '+34868099200 - +34679169830', 'comercial@cecanato.net', 2005);
INSERT INTO empresas VALUES ('B73343832', 'SOLGESTION CONSULTORIA, S.L.', '7022', 'www.solgestionconsultoria.es', 50624, 'Murcia', 'Avenida Francisco Jiménez Ruiz, 11, 1º B (Murcia)', 30007, '34617337565', 'solgestion@solgestionconsultoria.es', 2005);
INSERT INTO empresas VALUES ('B73866774', 'APLICACIONES Y GESTIONES NORTES & NORTES CONSULTORES GR SOFF CONS, S.R.L.', '7022', NULL, 50532, 'Murcia', 'Calle Jose Antonio Ponzoa, 6, 1º B', 30001, '34968212200', 'fran@soffimer.es', 2014);
INSERT INTO empresas VALUES ('B30771703', 'TERRALOGIA, S.L.', '6209', 'www.terralogia.es', 50120, 'Cartagena', 'Calle Cartagena e Indias, 13, 1E (Cartagena)', 30203, '34968080828', 'info@terralogia.es', 2003);
INSERT INTO empresas VALUES ('B73921165', 'GESTION OFIONLINE, S.L.', '6201', NULL, 49965, 'Murcia', 'Calle Luna, 24, PISO 2 A (Santiago El Mayor)', 30012, NULL, NULL, 2016);
INSERT INTO empresas VALUES ('B73871501', 'AZENDI CONSULTORES, S.L.', '6920', NULL, 49277, 'Murcia', 'Calle Valencia. , 5, BJ', 30003, '+34968969126 - +34868210834', NULL, 2015);
INSERT INTO empresas VALUES ('B73614513', 'LÓPEZ ESPINOSA JUAN JOSÉ, S.L.N.E.', '6201', 'www.iveo.es', 49166, 'Molina de Segura', 'Calle Ría de Pontevedra, 32', 30508, '+34968213747 - +34968022010', 'info@iveo.es', 2009);
INSERT INTO empresas VALUES ('B73501801', 'GESTINALIS, S.L.', '6209', 'www.gestinalis.com', 49016, 'Murcia', 'Calle Doctor Fleming, 52, 3º B (Alberca de las Torres)', 30003, '34968238683', NULL, 2007);
INSERT INTO empresas VALUES ('B73869166', 'SECONDLEMON, S.L.', '6209', 'www.secondlemon.com', 47911, 'Murcia', 'Calle González Adalid, 3', 30001, '34619077745', 'contacto@secondlemon.com', 2015);
INSERT INTO empresas VALUES ('B73337529', 'ERTIA SOLUCIONES INFORMATICAS, S.L.', '6202', 'www.ertia.net', 47551, 'Murcia', 'Avenida Monteazahar, 4 (Beniajan)', 30570, '34968078959', 'info@ertia.net', 2004);
INSERT INTO empresas VALUES ('B73740227', 'ROUTER COMPUTER EVOLUTION, S.L.', '4741', 'https://www.routerinformatica.com/', 47415, 'Murcia', 'Avenida Primero De Mayo, 4, BJ', 30006, '34868955552', 'claudio@routerinformatica.net', 2012);
INSERT INTO empresas VALUES ('B30394076', 'MONDIAL COMPUTER MURCIA, S.L.', '6209', 'www.mondialcomputer.com', 46922, 'Murcia', 'Calle Condes de Barcelona, 1', 30007, '34968201235', 'mondial@mondialcomputer.com', 1993);
INSERT INTO empresas VALUES ('B73723389', 'E-COMMERCE GATEWAY SOLUTIONS S.L.', '6201', NULL, 45806, 'Molina de Segura', 'Calle Concordia, 39', 30500, '34968362800', NULL, 2011);
INSERT INTO empresas VALUES ('B73509366', 'GENTYO EUROPA, S.L.', '7022', 'www.gentyo.com', 45634, 'Murcia', 'Avenida Teniente Montesinos, 8, Torre A- 4ª Planta', 30100, '34687594422', NULL, 2007);
INSERT INTO empresas VALUES ('B73848525', 'CAMBRIDGETOWN, S.L.', '8532', 'https://cambridgetown.es/', 45560, 'Murcia', 'Calle Albudeiteros, 1, 4º', 30001, '34968210732', 'info@cambridgetown.es', 2014);
INSERT INTO empresas VALUES ('B05525316', 'P&G INFORMÁTICA 2019, S.L.', '6201', NULL, 45431, 'Murcia', 'Carretera de Caravaca. El Ribazo Km. 3', 30170, '34969872040', 'info@pandg.es', NULL);
INSERT INTO empresas VALUES ('B30901664', 'AQUBIX, S.L.', '6312', 'www.aqubix.es', 45000, 'Cartagena', 'Polígono Industrial Cabezo Beaza. C/ Berlín, s/n, Edificio CEEIC Modulo 2.8 (Cartagena)', 30353, '+34968562846 - +34649294242', 'druiz@aqubix.com', 2016);
INSERT INTO empresas VALUES ('B73508988', 'ADARA COMUNICACIÓN, S.L.', '7311', 'http://adaracomunicacion.com/', 44338, 'Puerto Lumbreras', 'Calle Sangonera La Seca, 5', 30890, '34968472199', 'info@adaracomunicacion.com', 2007);
INSERT INTO empresas VALUES ('B73946394', 'GASTROLEUM SL', '6209', NULL, 42931, 'Moratalla', 'Carretera DE CARAVACA, 50 (Moratalla)', 30440, '34636594901', 'vanesalopez@gastroleum.com', NULL);
INSERT INTO empresas VALUES ('B73746208', 'CASTO GARCÍA MANZANO, S.L.', '6190', NULL, 42010, 'Murcia', 'Avenida Constitución, 127', 30008, NULL, 'casttlecomsl@gmail.com', 2012);
INSERT INTO empresas VALUES ('B73010092', 'PRONARED, S.L.', '6201', 'www.pronared.es', 41557, 'Totana', 'Calle Encomienda, 8', 30850, '+34968418366 - +34902006094', 'servicios@pronared.es', 1998);
INSERT INTO empresas VALUES ('B30622294', 'PROGRAMA SOCIEDAD TECNICA DE SOFTWARE, S.L', '5829', 'www.programainformatica.es', 41455, 'Cartagena', 'Calle Angel Bruna, 28, 1', 30203, '34968120520', 'contabilidad@iconotelecom.es', 1986);
INSERT INTO empresas VALUES ('B73243792', 'XPLORA SOLUTIONS, S.L.', '7320', 'WWW.XPLORASOLUTIONS.COM', 41200, 'Murcia', 'Avenida Los Rectores, 3, Edificio Paraninfo. Bajo (Espinardo)', 30100, '+34968879567 - +34968879568', 'info@xplorasolutions.com', 2003);
INSERT INTO empresas VALUES ('A30232516', 'SPORT 90, S.A.', '6820', NULL, 40694, 'Murcia', 'Calle Lorenzo Pausa', 30005, '34968362800', NULL, 1990);
INSERT INTO empresas VALUES ('A82123241', 'VIRTUAL KNOWLEDGE, S.A.U.', '7022', 'www.virtual-knowledge.com', 40537, 'Cartagena', 'Calle Mojón, s/n', 30201, '34963943173', 'inavarro@virtual-knowledge.com', 1998);
INSERT INTO empresas VALUES ('B73893943', 'DOALITIC, S.L.', '6209', NULL, 40323, 'Murcia', 'Lugar Campus de Espinardo, 7, Edificio CEEIM (Espinardo)', 30100, '34868942993', 'info@doalitic.com', 2015);
INSERT INTO empresas VALUES ('B73054546', 'DIPPER INFORMATICA SL', '6201', 'www.dipper.es', 40187, 'Murcia', 'Calle Lo Navarro, 11, Edificio Géminis 3º B', 30110, '34968858743', NULL, 1999);
INSERT INTO empresas VALUES ('B73897019', 'LONDONDERRY MAPS, S.L.', '8299', 'http://londonderrymaps.com', 39600, 'Alcantarilla', 'Avenida Santa Ana, 2, 2º H', 30820, '+34868959009 - +34646436446', 'info@londonderrymaps.com', 2015);
INSERT INTO empresas VALUES ('B73728610', 'VIVERE MEMENTO CONSULTORÍA Y FORMACIÓN TECNOLÓGICA, S.L.', '6202', NULL, 38997, 'Molina de Segura', 'Calle Cruz del Sur. , 4', 30507, NULL, NULL, 2011);
INSERT INTO empresas VALUES ('B73739757', 'GRUPO SOLUTIONS TOTAL BUSINESS INTELIGENCE, S.L.', '6203', NULL, 38129, 'Murcia', 'Camino Albadel, 198', 30168, NULL, 'administracion@softwaretotal.biz', 2012);
INSERT INTO empresas VALUES ('B05551445', 'MY PRODUCCIONES IBÉRICA COMUNICACIÓN 2020, S.L.', '5916', 'https://myproducciones.com/', 37702, 'Murcia', 'Calle Abogado, 2 (Dolores (Los))', 30011, '34868696000', 'nfo@mvproducciones.com', NULL);
INSERT INTO empresas VALUES ('B05505375', 'ENTERPRISE SOFTWARE DEVELOPER, S.L.', '6201', 'https://esdeveloper.es/', 37058, 'Murcia', 'Ronda Golf, 55', 30153, NULL, NULL, NULL);
INSERT INTO empresas VALUES ('B73748642', 'TENREDO SOCIAL MEDIA, S.L', '6209', NULL, 35938, 'Caravaca de la Cruz', 'Plaza de Abastos, 1', 30400, '+34968705188 - +34627901108', 'comunicacion@tenredo.com', 2012);
INSERT INTO empresas VALUES ('B30493449', 'COTECA CONSULTING, S.L.', '6920', NULL, 35362, 'Beniel', 'Calle Río Guadalquivir, 3', 30130, '+34968601285 - +34670096467', 'cotecaconsulting@gmail.com', 1996);
INSERT INTO empresas VALUES ('B73638553', 'SOLUCIONES INFORMATICAS MIÑARRO, S.L.', '6201', NULL, 34539, 'Lorca', 'Calle Miguel de Oloriz, 15, 2º A', 30800, '34968441652', NULL, 2009);
INSERT INTO empresas VALUES ('B73980096', 'CODE LOGISTIC, S.L.', '5229', NULL, 33362, 'Alhama de Murcia', 'Calle Tomas Moro, 4', 30840, NULL, NULL, 2017);
INSERT INTO empresas VALUES ('B73751141', 'DMPROJECT INTEGRATED SYSTEMS, S.L.', '6202', 'www.dmproject.es', 33324, 'Alcantarilla', 'Polígono Industrial Oeste. C/ Uruguay, Parcela 13', 30820, '34868952259', 'p.rosi@dmproject.es', 2012);
INSERT INTO empresas VALUES ('B73932907', 'MOBILE APP DESIGN & DEVELOPMENT DIGITALAPPS S.L.', '6209', 'www.digitalapp.es', 33211, 'Murcia', 'Calle Campus Universitario de Espinardo, 7, Ed. CEEIM. Módulo 21 (Espinardo)', 30100, '+34868957528 - +34616716777', 'administracion@digitalapp.es', 2016);
INSERT INTO empresas VALUES ('B73052540', 'MAR MENOR SUMINISTROS, S.L.', '4730', NULL, 32403, 'San Pedro del Pinatar', 'Avenida Generalisimo, 80', 30740, '34968185120', NULL, 1999);
INSERT INTO empresas VALUES ('B73603243', 'ACTIVE IT, S.L.NE', '4741', 'www.activeit.es', 30397, 'Molina de Segura', 'Calle Miguel De Cervantes, 3, PLT 1', 30500, '34968362800', NULL, 2008);
INSERT INTO empresas VALUES ('B06848378', 'MATICPLUS, S.L.', '4669', NULL, 30396, 'Murcia', 'Calle Herrero, 11, Piso 2 C', 30158, NULL, NULL, 2021);
INSERT INTO empresas VALUES ('B73360901', 'GESTIÓN DE PROCESOS FORMATIVOS, S.L.', '8230', NULL, 29550, 'Murcia', 'Calle Conde Valle San Juan, 3, 2º H', 30004, '34618646304', 'gpfi@hotmail.es', 2005);
INSERT INTO empresas VALUES ('B73961732', 'TOBEEUP, S.L.', '7311', NULL, 29497, 'Totana', 'Calle Vasco de Gama, 27', 30850, NULL, NULL, 2017);
INSERT INTO empresas VALUES ('B73952962', 'REDONO CONSULTORIA Y TELECOMUNICACIONES, S.L.U.', '6209', 'www.redono.es', 29266, 'Alcantarilla', 'Calle PERU, 5, PL 1, OFIC 12-16 (Alcantarilla)', 30820, '34666420265', 'REDONOSLU@REDONO.ES', 2017);
INSERT INTO empresas VALUES ('B73305211', 'ORDET PRODUCCIONES, S.L.', '5915', 'www.ordet.es', 27848, 'Murcia', 'Calle Reina Sofía, 9, Bajo E', 30007, '+34968964200 - +34968900144', 'ordet@ordet.es', 2004);
INSERT INTO empresas VALUES ('B73820417', 'DIGITALIZA RECUERDOS, S.L.', '6209', NULL, 27147, 'Murcia', 'Calle Purísima (La Purísima-Barriomar), 4, PISO 1 G (Churra)', 30010, '34968702442', NULL, 2013);
INSERT INTO empresas VALUES ('B73879223', 'ONE LABEL, S.L.', '5912', 'http://onelabel.es/', 27091, 'Murcia', 'Calle Jazmin. , 11, PISO 3', 30002, '34687864186', 'tony@onelabel.es', 2015);
INSERT INTO empresas VALUES ('B73710998', 'ASESORÍA Y GESTIÓN DEL NOROESTE, S.L.L.', '6920', NULL, 26907, 'Bullas', 'Calle Juan De La Gloria Artero. , 58', 30180, '34968654001', NULL, 2011);
INSERT INTO empresas VALUES ('B73747032', 'SOLPREV 2012, S.L.', '6910', 'www.solprev.es', 26767, 'Molina de Segura', 'Calle Río Mula, 22 (Alcayna (La))', 30507, '34650939124', 'info@solprev.es', 2012);
INSERT INTO empresas VALUES ('B73014573', 'NOVA INFORMATICA 2000, S.L.', '6209', 'www.nova2000.net', 26114, 'Murcia', 'Calle Jorge Juan', 30007, '34968271741', NULL, 1998);
INSERT INTO empresas VALUES ('B73863409', '347 TORASER CLOUDY, S.L.', '6203', NULL, 26011, 'San Javier', 'Plaza Puerta del Mar, S/N, PISO 1 B', 30730, '34968573585', NULL, 2014);
INSERT INTO empresas VALUES ('B73433252', 'IBÉRICA DE ORGANIZACIÓN DE LA ENSEÑANZA, S.L.L.', '8030', 'www.ioe.es', 25668, 'Murcia', 'Avenida Príncipe de Asturias, 42, 1º F (Monteagudo)', 30007, '+34902367096 - +34647715156', 'administracion@grupoioe.es - info@grupoioe.es', 2006);
INSERT INTO empresas VALUES ('B73727000', 'APP COMPONENTES MULTIMEDIA ESPAÑA, S.L.', '4741', NULL, 25487, 'Librilla', 'Calle Murcia, 57', 30892, '34968651504', 'josej@mismania.com', 2011);
INSERT INTO empresas VALUES ('B30915235', 'EXTENDED INTERACTION S.L.', '8559', NULL, 24852, 'Cartagena', 'Paseo ALFONSO XIII, 64 (Cartagena)', 30203, '34675668802', 'jjdeveloper@gmail.com', NULL);
INSERT INTO empresas VALUES ('B73943375', 'CITIONS SOLUCIONES INTELIGENTES S.L.', '6201', 'WWW.CITIONS.ES', 24415, 'Murcia', 'Avenida JUAN CARLOS I, 55, 0-0-6ºA (Murcia)', 30100, '+34638591088 - +34968859211', 'BAILE@VECTORIS.ES', NULL);
INSERT INTO empresas VALUES ('B73824435', 'TICTUL, S.L.', '4791', 'www.tictul.es', 24148, 'Lorca', 'Calle San Fernando, 2, Bloque 5, 1º A', 30800, '34868926183', 'info@tictul.es', 2014);
INSERT INTO empresas VALUES ('B73277329', 'DISENATO DISENO GRAFICO, S.L.', '6209', 'www.disenato.com', 24070, 'Murcia', 'Camino Olmos, 38 (Zarandona)', 30007, NULL, NULL, 2003);
INSERT INTO empresas VALUES ('B73578163', 'Mediatyc telecomunicaciones y contenidos multimedia, S.L.', '6203', 'www.mediatyc.com', 24000, 'Murcia', 'Avenida Jaime I, 2, 3ºB (Murcia)', 30008, '34968244008', 'mediatyc@gmail.com', 2008);
INSERT INTO empresas VALUES ('B73700791', 'THINK TANK INNOTECH, S.L.', '7112', 'www.t3imasd.eu', 23633, 'Murcia', 'Carretera de Madrid, Km. 388 (Espinardo)', 30100, '34629669396', 'djorquera@t3imasd.eu', 2011);
INSERT INTO empresas VALUES ('B73818908', 'COVI TRAINING S.L.', '6209', 'www.conocea.com', 23588, 'Murcia', 'Calle Principe Felipe, 45', 30001, '34645793517', 'fernando.garcia@conocea.com', 2013);
INSERT INTO empresas VALUES ('B73791725', 'CISA INTELLIGENT SYSTEMS & AUTOMATION, S.L.', '2562', 'http://www.cisasystems.com', 20866, 'Murcia', 'Calle Saavedra Fajardo', 30001, '34687352162', NULL, 2013);
INSERT INTO empresas VALUES ('B30925549', 'BIM CONSULTING SOLUTIONS, S.L.', '7112', 'https://bimconsultingsolution.com.es/', 20226, 'Cartagena', 'Plaza Héroes de Fajardo, 1', 30593, '+34646762455 - +34868484025', 'cnoguera@bimconsultingsolutions.com', 2019);
INSERT INTO empresas VALUES ('B73730574', 'PROYECTOS TECNOLOGICOS LA MILAGROSA, S.L.', '6209', 'www.ptlm.es', 19320, 'Murcia', 'Calle Castaño, 45, Conjunto Residencial (Puntal (El))', 30100, '+34968858078 - +34968972399', NULL, 2011);
INSERT INTO empresas VALUES ('B73359416', 'ASEMM 3, S.L.', '6920', 'www.asemm3sl.com', 19012, 'Lorca', 'Puente El Vao, 15 (Púrias (Centro))', 30813, '34968473011', NULL, 2005);
INSERT INTO empresas VALUES ('B73780967', 'MASPRINTER LASER LED, S.L.', '4690', 'www.masprinter.es', 18467, 'Molina de Segura', 'Polígono Industrial La Estrella. C/ Aldebarán, 24, Nave 7', 30507, '+34868183075 - +34699643940', NULL, 2013);
INSERT INTO empresas VALUES ('B30882880', 'GANOSTAR, S.L.', '4711', 'https://reishidxn.ganostar.es/', 18466, 'Cartagena', 'Gran vía de La Manga, Km.1, Centro Comercial. Local 9', 30380, '34968362800', 'andreapapp@ganostar.com', 2014);
INSERT INTO empresas VALUES ('B73823957', 'CENTRO DE AUTOMATIZACION Y ROBOTICA DE LA REGION DE MURCIA, S.L.', '7219', 'www.ctmetal.es', 18418, 'Alcantarilla', 'Polígono Industrial Oeste. Avenida del Descubrimiento, s/n', 30820, '34968897065', NULL, 2013);
INSERT INTO empresas VALUES ('B73696643', 'OCIO Y COPAS DE VALDEMORO, S.L.', '5630', NULL, 18000, 'Murcia', 'Camino Torre Abellán. , 19', 30592, NULL, NULL, 2010);
INSERT INTO empresas VALUES ('B01775170', 'AIRTRACE TECHNOLOGIES, S.L.', '6202', 'https://airtrace.io/', 17700, 'Lorca', 'Carril del Tiznajo, 4', 30810, '34669348183', 'juanba.tomas@airtrace.io', NULL);
INSERT INTO empresas VALUES ('B73845117', '2014 EXIGAR, S.L.', '6820', NULL, 17647, 'Cieza', 'Calle Paseo, 69, PISO 5 C', 30530, '34999999999', NULL, 2014);
INSERT INTO empresas VALUES ('B30898613', 'ELORA DESIGN, S.L.', '8299', 'WWW.ELORADESIGN.ES', 17307, 'Cartagena', 'Calle Neptuno, 1, 1º A', 30204, '34644444296', 'pacoj.hernandez@gmail.com', 2015);
INSERT INTO empresas VALUES ('B73955957', 'COLOSSUS SYSTEMS, S.L.', '6201', NULL, 17140, 'Murcia', 'Calle Músico Antonio Rodríguez de Hita, 16, BJ', 30007, NULL, NULL, 2017);
INSERT INTO empresas VALUES ('B73685208', 'ON TECHNOLOGY SERVICES, S.L.', '7120', NULL, 16280, 'Murcia', 'Calle Periodista Antonio Herrero, 11, Escalera 1, 1º A', 30007, '34968243593', 'contacto@ontechnology.es', 2010);
INSERT INTO empresas VALUES ('B73877326', 'BIMMATE, TECNOL.BIM PARA LA ARQUITECT. Y LA INGENIERÍA, S.L.', '7112', NULL, 15728, 'Yecla', 'Calle Arcipreste Esteban Díaz, 54, Bajo', 30510, '34968213268', 'jm.abellan@bimmate.com', NULL);
INSERT INTO empresas VALUES ('B73574519', 'GEOMERCADOS SURESTE, S.L.', '6832', 'www.geomercados-sureste.es', 15280, 'Lorca', 'Calle Eugenio Úbeda, Edificio Goya. Oficina 1', 30800, '34968362800', NULL, 2008);
INSERT INTO empresas VALUES ('B73827461', 'THINK ASESORES DE FORMACION, S.L.', '8559', NULL, 14865, 'Murcia', 'Avenida Alicante, 144, Escalera 4, 2º 11', 30007, '34968362800', NULL, 2014);
INSERT INTO empresas VALUES ('B73148710', 'INFOTRAMA, S.L.', '7490', 'www.infotrama.es', 14800, 'Murcia', 'Calle Rey Lobo, 8 (Ranero (El))', 30009, '34868955078', NULL, 2001);
INSERT INTO empresas VALUES ('B73720849', 'EXOMED TECHNOLOGY S.L.', '4110', NULL, 14733, 'Murcia', 'Avenida AVENIDA DE EUROPA 21, BAJO, 21 (Murcia)', 30007, '34968393213', NULL, 2011);
INSERT INTO empresas VALUES ('B30899835', 'SOFTCELL INVESTMENTS, S.L.', '4110', NULL, 13754, 'Alcázares (Los)', 'Calle Islas Columbretes. , 50, PTA 32 A', 30710, '34968137374', NULL, 2016);
INSERT INTO empresas VALUES ('B30909675', 'E-LIGHTHOUSE NETWORK SOLUTIONS S.L.', '6190', 'www.e-lighthouse.com', 12891, 'Cartagena', 'Calle Carlos III, 42 (Cartagena)', 30201, '+34968338946 - +34654849872', 'info@e-lighthouse.com', 2017);
INSERT INTO empresas VALUES ('B05517024', 'EXXANET CONSULTORÍA, S.L.', '6202', 'https://exxanet.com', 12760, 'Molina de Segura', 'Calle Chile, 2', 30500, '34686591523', 'jlopez@exxanet.com', NULL);
INSERT INTO empresas VALUES ('B73247199', 'COMERCIAL DIGITAL CE, S.L.', '4741', 'www.comercialdigitalce.com', 12697, 'Murcia', 'Calle San Antonio, 9, 6º B (Murcia)', 30001, '34968900430', 'soporte@comercialdigitalce.com', 2003);
INSERT INTO empresas VALUES ('B30058499', 'ELECTRICIDAD GONHER, S.L.', '4321', 'www.electricidadgonher.es', 12251, 'Alcantarilla', 'Calle Mariano Ballester. ED Romusa, 1, Bjo', 30820, '34968803964', NULL, 1983);
INSERT INTO empresas VALUES ('B30890701', 'VALMUR INTEGRA, S.L.', '4741', 'www.libros4all.com', 11437, 'Torre-Pacheco', 'Paseo Villa Esperanza, 7, PISO 3 B', 30700, NULL, NULL, 2015);
INSERT INTO empresas VALUES ('B73825895', 'SISTEMAS CLOUD SEGURIDAD Y CONTROL, S.L.', '6209', NULL, 10728, 'Murcia', 'Calle Cañada Escondida, 55, Urbanización Torreguil', 30833, '34902760066', NULL, 2014);
INSERT INTO empresas VALUES ('B54761572', 'JSC71 GESTION, S.L.', '6203', NULL, 10463, 'Murcia', 'Avenida Rio Segura, 3, PISO 3 A', 30002, NULL, NULL, 2014);
INSERT INTO empresas VALUES ('B73811176', 'NOTEBOX, S.L.', '4618', NULL, 9950, 'Lorquí', 'Calle Castillo De Monteagudo. , 13', 30564, NULL, NULL, 2013);
INSERT INTO empresas VALUES ('B73661951', 'GREEN OPEN WARE, S.L.', '7311', 'https://gow.tech/', 9664, 'Murcia', 'Calle Argilico, 5, Bajo', 30005, '+34968292549 - +34601343258', 'info@gow.tech - hola@gow.tech', 2010);
INSERT INTO empresas VALUES ('B73898041', 'COMPLIANZA, S.L.', '7022', 'http://www.complianzasl.com', 9273, 'Murcia', 'Avenida Rocio, 16, 1º C', 30007, '+34868970100 - +34868970386', 'nataliacano.abogada@gmail.com', 2015);
INSERT INTO empresas VALUES ('B05518543', 'ZAS JOB, S.L.', '7490', 'www.zasjobs.com', 8800, 'Murcia', 'Calle Cartagena, 17, 2º l', 30002, '+34626619683 - +34968727067', 'info@zasjobs.com', NULL);
INSERT INTO empresas VALUES ('B73668469', 'NEWCO CAPITAL Y DESARROLLO, S.L.', '6209', 'www.newcocd.com', 7800, 'Murcia', 'Calle Rosalía de Castro, 27, 3º', 30006, '+34647662169 - +34667419567', 'hi@newcocd.com - info@newcocd.com', 2010);
INSERT INTO empresas VALUES ('B73832040', 'RETALIS MEDIA, S.L.', '6209', NULL, 7605, 'Murcia', 'Calle José María Peman, 1, 1º A', 30007, '34616420154', 'patriciorosasmartinez@gmail.com', 2014);
INSERT INTO empresas VALUES ('B73439051', 'TECNISTUDIO AGUILAS, S.L.', '6820', NULL, 7491, 'Águilas', 'Calle Carlos Marín Menu, 21, BJ IZ', 30880, NULL, NULL, 2006);
INSERT INTO empresas VALUES ('B30325641', 'MULTIPROGRAMACION, S.L.', '6202', 'www.multiprogramacion.es', 7414, 'Murcia', 'Calle Gerardo Diego, 6 (Beniajan)', 30570, '34968824628', NULL, 1992);
INSERT INTO empresas VALUES ('B73938813', 'PER ARDUA AD ASTRA. S.L.', '6209', 'www.paroli.es', 7350, 'Molina de Segura', 'Calle Pinares, 7', 30506, '34968215522', NULL, 2016);
INSERT INTO empresas VALUES ('B73863433', 'INCOME CONSULTING, S.L.', '6202', NULL, 7155, 'Murcia', 'Calle Navarra. , 8, BJ', 30005, NULL, NULL, 2014);
INSERT INTO empresas VALUES ('B05568985', 'READYME SYSTEM, S.L.', '6209', 'https://readyme.app - https://readyme.app/', 6258, 'Murcia', 'Lugar Campus Universitario de Espinardo, 7, CEEIM - Mód. 08 (Espinardo)', 30100, '+34678461646 - +34633490983', 'contacto@readyme.es', NULL);
INSERT INTO empresas VALUES ('B16941254', 'ECOMÁTICA SOLUCIONES INFORMÁTICAS, S.L.', '6203', 'http://www.ecomatica.es', 6198, 'Cartagena', 'Calle Santiago Ramón y Cajal, 28, Bajo', 30205, '34968148041', 'info@ecomatica.es', 2021);
INSERT INTO empresas VALUES ('B73303687', 'ESPINAQUER INTERNET, S.L.', '7112', NULL, 6000, 'Murcia', 'Calle Musico Antonio Rodriguez De Hita, 6, 1 A (Zarandona)', 30007, '34968816391', NULL, 2004);
INSERT INTO empresas VALUES ('B73881252', 'IDINE GESTIÓN, S.L.', '4741', NULL, 5885, 'Alcantarilla', 'Calle Cartagena, 5', 30820, '34722221000', 'administracion@idine.es', NULL);
INSERT INTO empresas VALUES ('B66069352', 'SULIA DESARROLLOS INTEGRALES, S.L.', '5829', NULL, 5676, 'San Javier', 'Calle Islas Baleares, 11 (Santiago de la Ribera)', 30730, NULL, NULL, 2013);
INSERT INTO empresas VALUES ('B73101248', 'HABITALIA HISPANIA INMOBILIARIA, S.L.', '4110', NULL, 5340, 'Murcia', 'Ronda Levante, 14', 30008, '34968362800', NULL, 2000);
INSERT INTO empresas VALUES ('B73701591', 'PACOCHE GESTIÓN Y SERVICIOS, S.L.', '7022', 'www.pacoche.es', 4900, 'Murcia', 'Calle Cartagena, 23', 30002, '34968417014', 'atorrecillas@come2work.com', 2011);
INSERT INTO empresas VALUES ('B73871055', 'FARLIGHT GAMES INDUSTRY, S.L.', '5821', NULL, 3924, 'Murcia', 'Plaza San Julián, 3, PISO 2 (Murcia)', 30004, '34647966128', 'farlightstudios@gmail.com', 2015);
INSERT INTO empresas VALUES ('B73479552', 'MEDSYS CONSULTING, S.L.', '6202', 'www.medicaldatasystem.com', 3583, 'Murcia', 'Calle Molina de Segura, 5, Esc 8, 4ºA (Murcia)', 30007, '34968906355', 'notificar@medicaldatasystem.com', 2006);
INSERT INTO empresas VALUES ('B73236549', 'ESPIRAL COMUNICACIONES Y SISTEMAS, S.L.', '6203', NULL, 3500, 'Alhama de Murcia', 'Calle Pasos, 2, 2º D', 30840, '34968362800', NULL, 2003);
INSERT INTO empresas VALUES ('B73706079', 'CESARO DIGITAL, S.L.', '9329', NULL, 2707, 'Murcia', 'Calle José Paredes. , 21, PISO 1 A', 30150, '34649254373', NULL, 2011);
INSERT INTO empresas VALUES ('B30779961', 'DESOL ADVISORY, S.L.', '7490', NULL, 2300, 'Cartagena', 'Calle Pintor Balaca, 15, 1º C', 30204, '+34968362800 - +34968528439', NULL, 2004);
INSERT INTO empresas VALUES ('B73136483', 'TIEDRA BIOSCIENCES, SOCIEDAD LIMITADA.', '4646', 'www.mytap.net', 2000, 'Murcia', 'Calle Bando de la Huerta, 8', 30008, '34968248734', 'info@mytap.net', 2001);
INSERT INTO empresas VALUES ('B88623251', 'GETTIME DEVELOPMENTS, S.L.', '6201', 'www.gettime.co', 1995, 'Murcia', 'Calle ESCRITOR FUENTES Y PONTE, 14 (Murcia)', 30009, '34670601243', 'miguel@gettime.co', NULL);
INSERT INTO empresas VALUES ('B30897193', 'PIXELBLACK, S.L.', '6202', NULL, 1458, 'Unión (La)', 'Calle Mina Lucía. , 1', 30360, NULL, NULL, 2015);
INSERT INTO empresas VALUES ('B73752735', 'AUTOMÓVILES CARPAT, S.L.', '6201', NULL, NULL, 'Murcia', 'Vereda del Catalán, 9', 30162, '34660680480', 'automovilescarpat@hotmail.com', NULL);
INSERT INTO empresas VALUES ('B05564240', 'UBIKO ADVANCED SPORTS ANALYTICS, S.L.', '6201', 'www.ubikosports.com', NULL, 'Murcia', 'Lugar Campus Universitario de Espinardo. CEEIM, 7 (Espinardo)', 30100, '+34604514229 - +34687518988', 'ricardo.pz@ubikosports.com', NULL);
INSERT INTO empresas VALUES ('B05569942', 'SUNBLOCK URBAN TOKEN, S.L.', '6203', 'https://realfund.tech/', NULL, 'Murcia', 'Avenida Teniente Montesinos, 8, Torre A. 6ª', 30100, '34647734684', 'info@realfund.me', NULL);
INSERT INTO empresas VALUES ('B06805766', 'LULLAMATE S.L.', '6201', 'WWW.LULLAMATE.COM', NULL, 'Murcia', 'Avenida LIBERTAD, 8, PLANTA 13 - PUERTA H (Murcia)', 30009, '34667427177', 'INFO@LULLAMATE.COM', NULL);
INSERT INTO empresas VALUES ('F73949661', 'OPTIMA CONSULTING, SCOOP', '6203', NULL, NULL, 'Murcia', 'Calle Fernando Alonso Navarro, 12, 7ª planta (Murcia)', 30009, '34968715368', 'tecnomovilidad@movisat.com', NULL);
INSERT INTO empresas VALUES ('B02693372', 'DIGITALIZACION Y DISEÑO 21 SL', '7490', NULL, NULL, 'Beniel', 'Calle LA PAZ, 13 (Beniel)', 30130, '34615102379', 'maribelimpreso@gmail.com', NULL);
INSERT INTO empresas VALUES ('B01638956', 'HERSE GESTION, S.L.', '4791', NULL, NULL, 'Lorca', 'Calle Juan XXIII, Piso 3º C', 30800, NULL, NULL, 2020);
INSERT INTO empresas VALUES ('B73995953', 'SISTEMAS AUTOMÁTICOS DE TURNOS, S.L.', '6209', 'www.saturnosystem.com', NULL, 'Murcia', 'Calle Huerto Manu, 5, Entresuelo A, 5 (Murcia)', 30009, '34647541329', 'fjmorenoguardiola@gmail.com', NULL);
INSERT INTO empresas VALUES ('B30897177', 'VILLAS EFICATIUM, S.L.', '4110', NULL, NULL, 'Alcázares (Los)', 'Avenida Trece De Octubre. , 31', 30710, NULL, NULL, 2015);
INSERT INTO empresas VALUES ('B05537832', 'TOWARDS STARS SL', '6201', 'www.blackhite.com', NULL, 'Murcia', 'Calle JUAN ANTONIO HERNÁNDEZ DEL ÁGUILA, 15 (Murcia)', 30002, '34647671270', 'alvarodecordoba1@gmail.com', NULL);


--
-- TOC entry 3330 (class 0 OID 17347)
-- Dependencies: 211
-- Data for Name: estudiantes; Type: TABLE DATA; Schema: public; Owner: -
--

INSERT INTO estudiantes VALUES (1, 'Katrina', 'Sanabria', 'KatrinaSanabriaMunoz@jourrapide.com', '1967-03-30', NULL, '70681fa7-6ae7-4480-b43b-9715b59e1065');
INSERT INTO estudiantes VALUES (2, 'Idara', 'Sevilla', 'IdaraSevillaZepeda@gustr.com', '1993-06-04', NULL, 'd0cdc03e-e300-4fcf-a59d-c70da75976d5');
INSERT INTO estudiantes VALUES (3, 'Elmer', 'Abeyta', 'ElmerAbeytaHaro@rhyta.com', '1983-01-22', 'evenietculpaest.png', '5e299047-2e41-4d51-bc80-77e7eeed5f4b');
INSERT INTO estudiantes VALUES (4, 'Yago', 'Sánchez', 'YagoSanchezZaragoza@cuvox.de', '1947-07-14', NULL, NULL);
INSERT INTO estudiantes VALUES (5, 'Agueda', 'Hurtado', 'AguedaHurtadoVelasco@einrot.com', '1941-04-01', 'architectoreiciendisvelit.png', 'a8758a4e-5b10-4857-b952-c58e7c37ce98');
INSERT INTO estudiantes VALUES (6, 'Salomón', 'Longoria', 'SalomonLongoriaSantacruz@dayrep.com', '1987-05-25', 'molestiaedistinctioblanditiis.png', '6b169f42-f507-423c-8e71-940a04e35e6c');
INSERT INTO estudiantes VALUES (7, 'Erato', 'Ybarra', 'EratoYbarraCalderon@dayrep.com', '1955-10-13', 'omnisestqui.png', 'c74ab6e9-9231-46a8-a8df-32b634db9d84');
INSERT INTO estudiantes VALUES (8, 'Quintilian', 'Valdez', 'QuintilianValdezLara@jourrapide.com', '1952-10-31', 'erroranimidolor.png', '982006a5-a127-48d8-a7fc-1bff818b686d');
INSERT INTO estudiantes VALUES (9, 'Ageo', 'Cortez', 'AgeoCortezBerrios@dayrep.com', '1975-06-01', 'fugaautfacere.png', '13373865-7f79-44f6-b0cf-db2248d89f20');
INSERT INTO estudiantes VALUES (10, 'Huichal', 'Patino', 'HuichalPatinoPolanco@rhyta.com', '1984-03-04', 'nihilsintvoluptatem.png', 'a43e5960-9d4f-446e-9c82-0a40a4c1e564');
INSERT INTO estudiantes VALUES (11, 'Shirley', 'Barraza', 'ShirleyBarrazaMares@cuvox.de', '1990-05-19', 'nihilmolestiaevoluptatem.png', 'd482e285-13d0-4a26-b11b-f9901b1a6cfc');
INSERT INTO estudiantes VALUES (12, 'Demetria', 'Ulloa', 'DemetriaUlloaSantana@rhyta.com', '1989-08-12', 'quiquodvoluptas.png', NULL);
INSERT INTO estudiantes VALUES (13, 'Custodia', 'Griego', 'CustodiaGriegoAtencio@gustr.com', '1977-11-28', 'delenitiautqui.png', 'e0b5c46c-a7ca-4005-af9e-24d197a2e52a');
INSERT INTO estudiantes VALUES (14, 'Nayra', 'Baca', 'NayraBacaSosa@dayrep.com', '1975-02-16', 'consequaturestqui.png', 'fb5e8d0b-0d0a-438b-878e-cbee20fd6c95');
INSERT INTO estudiantes VALUES (15, 'Lican', 'Barragán', 'LicanBarraganArce@rhyta.com', '1978-02-18', 'omnisimpeditautem.png', '540203ea-3248-4e6f-a0fd-4daa2f805245');
INSERT INTO estudiantes VALUES (16, 'Livino', 'Camacho', 'LivinoCamachoCotto@rhyta.com', '1962-06-08', NULL, '184b378b-f384-4051-a8bf-5ead3455ea81');
INSERT INTO estudiantes VALUES (17, 'Jerusalén', 'Mayonga', 'JerusalenMayongaCardona@cuvox.de', '1968-11-04', NULL, '6907db99-ec2d-4b64-b159-86a95c407899');
INSERT INTO estudiantes VALUES (18, 'Palixena', 'Ozuna', 'PalixenaOzunaAlanis@fleckens.hu', '1965-06-19', 'assumendaipsaaccusamus.png', 'ac8840a0-5476-494f-80df-3d21a3b7dc50');
INSERT INTO estudiantes VALUES (19, 'Rosina', 'Mojica', 'RosinaMojicaPina@armyspy.com', '1964-08-14', NULL, NULL);
INSERT INTO estudiantes VALUES (20, 'Libio', 'Serrano', 'LibioSerranoBaeza@armyspy.com', '1983-11-13', 'voluptatemcorporisrepellat.png', '91e133f2-cb4b-4ac8-a32d-1b597096b933');
INSERT INTO estudiantes VALUES (21, 'Recaredo', 'Ramírez', 'RecaredoRamirezSalcedo@dayrep.com', '1996-11-21', 'accusamussimiliquead.png', '906127e3-bf15-4145-b3a6-6835856afddc');
INSERT INTO estudiantes VALUES (22, 'Enmanuel', 'Amaya', 'EnmanuelAmayaEspinosa@einrot.com', '1939-06-10', 'utrerumid.png', 'bdc38538-56e2-462b-9c53-14669b6ee12c');
INSERT INTO estudiantes VALUES (23, 'Estefania', 'Romo', 'EstefaniaRomoMoreno@gustr.com', '1978-08-06', 'molestiasenimnisi.png', NULL);
INSERT INTO estudiantes VALUES (24, 'Zemira', 'Ruvalcaba', 'ZemiraRuvalcabaSalcedo@superrito.com', '1939-12-23', 'quiamolestiaeexercitationem.png', NULL);
INSERT INTO estudiantes VALUES (25, 'Anquises', 'Naranjo', 'AnquisesNaranjoOlivares@jourrapide.com', '1972-06-04', NULL, 'b812dcb5-a95a-4ae2-8d5c-99b16b2b50b8');
INSERT INTO estudiantes VALUES (26, 'Agnelo', 'Arenas', 'AgneloArenasCarrasco@fleckens.hu', '2003-02-27', NULL, '7351e394-b394-48f4-9849-bc53ec8ec571');
INSERT INTO estudiantes VALUES (27, 'Meris', 'Téllez', 'MerisTellezIglesias@jourrapide.com', '1971-12-27', 'doloremliberodicta.png', 'de7b798e-9231-43c7-9eb6-1e594e6239e7');
INSERT INTO estudiantes VALUES (28, 'Madeleine', 'Domínguez', 'MadeleineDominguezSolis@gustr.com', '1939-01-04', 'atquerepellendusadipisci.png', NULL);
INSERT INTO estudiantes VALUES (29, 'Nerina', 'Marroquín', 'NerinaMarroquinOquendo@teleworm.us', '1990-03-30', 'ipsaestaperiam.png', '39eee6f7-fdd7-4a12-937c-d6cdf01b6e22');
INSERT INTO estudiantes VALUES (30, 'Celsa', 'Collado', 'CelsaColladoSalgado@jourrapide.com', '1980-11-23', 'nostrumutvoluptates.png', '08948efe-c553-4e03-98da-72934b51ce19');
INSERT INTO estudiantes VALUES (31, 'Argenis', 'Villanueva', 'ArgenisVillanuevaRubio@gustr.com', '1955-04-07', 'molestiascupiditatequo.png', NULL);
INSERT INTO estudiantes VALUES (32, 'Iberio', 'Murillo', 'IberioMurilloGrijalva@rhyta.com', '1977-06-04', NULL, '05688981-070e-4d3c-81dc-d218a17b3522');
INSERT INTO estudiantes VALUES (33, 'Horaz', 'Guillén', 'HorazGuillenCasanova@cuvox.de', '1992-10-19', 'molestiasdoloreasperiores.png', '77a2b9f7-68c4-43d8-8761-9588a0e8b0c1');
INSERT INTO estudiantes VALUES (34, 'Lauro', 'Coronado', 'LauroCoronadoCorrales@einrot.com', '2004-04-03', 'consequaturexplicaboet.png', '86c6295b-a9ed-4c37-bcf2-fa01bbef7a35');
INSERT INTO estudiantes VALUES (35, 'Aimon', 'Carrasco', 'AimonCarrascoCasanova@cuvox.de', '1960-06-22', 'consequaturperspiciatiseveniet.png', '084af709-3134-4aad-abcd-9aad0ec2ac67');
INSERT INTO estudiantes VALUES (36, 'Nataniel', 'Viera', 'NatanielVieraValverde@armyspy.com', '1970-03-08', 'istereiciendiscorporis.png', 'b8ac3732-43fd-41c9-b7cf-df03ca9b5239');
INSERT INTO estudiantes VALUES (37, 'Joscio', 'Rael', 'JoscioRaelDavila@rhyta.com', '1978-07-05', 'sunteaquetenetur.png', NULL);
INSERT INTO estudiantes VALUES (38, 'Lola', 'Chapa', 'LolaChapaBriones@gustr.com', '1987-11-10', NULL, '442f20ae-ec6e-4a3a-801e-21602f9e4599');
INSERT INTO estudiantes VALUES (39, 'Clarabella', 'Espino', 'ClarabellaEspinoCandelaria@gustr.com', '1971-04-21', 'saepefugitomnis.png', '5b010f75-3111-40f5-a9ac-408eb06be31f');
INSERT INTO estudiantes VALUES (40, 'Loída', 'Lerma', 'LoidaLermaMontez@dayrep.com', '1989-03-22', 'delectusitaqueea.png', '34b9126c-3eba-42b7-82cb-a5d508febf7f');
INSERT INTO estudiantes VALUES (41, 'Ashley', 'Corrales', 'AshleyCorralesRico@einrot.com', '1962-08-29', 'nonquasquia.png', 'b7d12785-30be-4bff-bdba-dc060c436ec9');
INSERT INTO estudiantes VALUES (42, 'Nisim', 'Barrera', 'NisimBarreraOrnelas@armyspy.com', '1958-03-13', NULL, NULL);
INSERT INTO estudiantes VALUES (43, 'Suyai', 'Dueñas', 'SuyaiDuenasCalvillo@teleworm.us', '1956-12-16', NULL, '360734fe-a32b-4e86-9a31-c2eed93c0a47');
INSERT INTO estudiantes VALUES (44, 'Aramis', 'Briones', 'AramisBrionesFerrer@jourrapide.com', '1954-09-24', 'quiconsequatursimilique.png', 'fed781e3-b417-4074-9f7f-747b015074d8');
INSERT INTO estudiantes VALUES (45, 'Centola', 'Venegas', 'CentolaVenegasSauceda@rhyta.com', '1966-12-28', 'aliquideiusexercitationem.png', 'b33f8ece-d014-4075-906d-f617ef805106');
INSERT INTO estudiantes VALUES (46, 'Adrián', 'Trejo', 'AdrianTrejoSalazar@cuvox.de', '1979-05-18', 'autpraesentiumet.png', 'de40c225-ac1f-4178-98a9-897070a57045');
INSERT INTO estudiantes VALUES (47, 'Polidoro', 'Sarabia', 'PolidoroSarabiaTorres@teleworm.us', '1975-07-02', 'doloremsintvoluptas.png', NULL);
INSERT INTO estudiantes VALUES (48, 'Jimeno', 'Urrútia', 'JimenoUrrutiaFajardo@fleckens.hu', '1962-02-21', 'minusvoluptatemet.png', NULL);
INSERT INTO estudiantes VALUES (49, 'Wara', 'Salgado', 'WaraSalgadoSandoval@einrot.com', '1988-01-09', 'adipisciveritatisveniam.png', '0fbb8bb5-56b8-4be6-8f44-48e127d2b1d4');
INSERT INTO estudiantes VALUES (50, 'Crescencio', 'Sanabria', 'CrescencioSanabriaSoria@cuvox.de', '1986-04-26', NULL, NULL);
INSERT INTO estudiantes VALUES (51, 'Tarsicia', 'Iglesias', 'TarsiciaIglesiasColunga@armyspy.com', '1959-11-02', 'suntquibusdamdolores.png', NULL);
INSERT INTO estudiantes VALUES (52, 'Carlo', 'Olivera', 'CarloOliveraQuintana@dayrep.com', '1972-11-17', NULL, '371800fc-0ce4-4764-b7fa-4b4283be8de6');
INSERT INTO estudiantes VALUES (53, 'Millan', 'Jiménez', 'MillanJimenezPuente@teleworm.us', '2003-11-15', NULL, 'dbedf3ac-cabe-49c3-8b20-443110fc75b3');
INSERT INTO estudiantes VALUES (54, 'Yve', 'Arellano', 'YveArellanoCorral@jourrapide.com', '2002-02-05', NULL, '02d3f266-3349-4857-95d0-060db7ab86c0');
INSERT INTO estudiantes VALUES (55, 'Johanna', 'Jáquez', 'JohannaJaquezCerda@rhyta.com', '1949-08-04', NULL, '743bcaac-5efb-414e-80a5-64434c0ebb6c');
INSERT INTO estudiantes VALUES (56, 'Leonides', 'Guerra', 'LeonidesGuerraZapata@armyspy.com', '1944-02-13', 'eaestconsectetur.png', '274efd64-cb6d-469f-872c-7fa49e7f4710');
INSERT INTO estudiantes VALUES (57, 'Giuseppa', 'Rosario', 'GiuseppaRosarioTafoya@gustr.com', '1999-01-06', NULL, '84918690-3bde-43c9-bde1-8085b1aa2f80');
INSERT INTO estudiantes VALUES (58, 'Isidora', 'Gastelum', 'IsidoraGastelumMondragon@jourrapide.com', '1990-06-09', NULL, '5d655a94-f601-4266-810a-0d891b352f51');
INSERT INTO estudiantes VALUES (59, 'Helida', 'Nieves', 'HelidaNievesHernandez@jourrapide.com', '1975-05-25', 'dignissimossiteum.png', '202afd3f-59ca-4f7c-96f1-178fe9cc4542');
INSERT INTO estudiantes VALUES (60, 'Aura', 'Jáquez', 'AuraJaquezMeraz@armyspy.com', '1990-03-16', 'etimpeditconsequatur.png', '15e65041-3937-4ab2-aeea-879701902943');
INSERT INTO estudiantes VALUES (61, 'Tácito', 'Mascarenas', 'TacitoMascarenasCaballero@jourrapide.com', '1976-11-30', 'etquasofficia.png', NULL);
INSERT INTO estudiantes VALUES (62, 'Jenofonte', 'Velez', 'JenofonteVelezJiminez@jourrapide.com', '1992-05-08', 'etnumquamnostrum.png', '8ccb45f4-4b78-4fef-b87f-889eef7d7da2');
INSERT INTO estudiantes VALUES (63, 'Atalo', 'Ruiz', 'AtaloRuizPorras@dayrep.com', '1949-05-03', NULL, '6a109cc7-1795-40cd-9618-cb8b48757719');
INSERT INTO estudiantes VALUES (64, 'Branco', 'Calderón', 'BrancoCalderonBriseno@superrito.com', '1978-03-23', 'ipsaeoslaboriosam.png', 'e4f2826a-481b-4add-b176-74ad2d246933');
INSERT INTO estudiantes VALUES (65, 'Casimiro', 'Aguirre', 'CasimiroAguirreCepeda@fleckens.hu', '1976-01-03', NULL, '4e9c8e55-e662-423f-9622-f5a0d33060e3');
INSERT INTO estudiantes VALUES (66, 'Amadis', 'Anguiano', 'AmadisAnguianoMadrid@fleckens.hu', '2001-12-05', 'dolorvoluptatemexplicabo.png', 'a5ef0a76-adb1-4b6f-a7aa-b9ce5a3349a1');
INSERT INTO estudiantes VALUES (67, 'Joav', 'Abrego', 'JoavAbregoAnaya@cuvox.de', '1945-10-12', 'idconsequaturquos.png', '27a44ea0-c015-4f03-be6c-9bdf5808eef9');
INSERT INTO estudiantes VALUES (68, 'Aline', 'Zambrano', 'AlineZambranoRuvalcaba@dayrep.com', '2005-01-02', 'aliquidexplicabosed.png', '29e9b07f-498f-44d8-8ea4-ba39c6857c3d');
INSERT INTO estudiantes VALUES (69, 'Emerson', 'García', 'EmersonGarciaOrta@gustr.com', '1972-09-10', 'namquasipraesentium.png', '35d1a2dd-3b5f-46f6-b106-892d54dd4c43');
INSERT INTO estudiantes VALUES (70, 'Ama', 'Carrero', 'AmaCarreroCanales@teleworm.us', '2001-10-28', 'nihilsitmaiores.png', 'b8d74acc-520b-45ab-bbfd-ba4ca80e9ffa');
INSERT INTO estudiantes VALUES (71, 'Erato', 'Fuentes', 'EratoFuentesPreciado@gustr.com', '1993-10-29', 'etsitvel.png', '477954ab-1470-4ef8-8a6d-47979c51820d');
INSERT INTO estudiantes VALUES (72, 'Armen', 'Blanco', 'ArmenBlancoRocha@jourrapide.com', '1958-05-06', NULL, '929c036a-c9a4-417b-a872-bc150c19d544');
INSERT INTO estudiantes VALUES (73, 'Melas', 'Arana', 'MelasAranaSierra@einrot.com', '1988-01-25', NULL, NULL);
INSERT INTO estudiantes VALUES (74, 'Elisenda', 'Estévez', 'ElisendaEstevezCorral@rhyta.com', '1941-03-21', 'liberositut.png', 'fcfde690-6ce0-465b-b2fe-ce966ac58aea');
INSERT INTO estudiantes VALUES (75, 'Iliana', 'Ponce', 'IlianaPonceConcepcion@cuvox.de', '1981-02-13', 'nihilsintratione.png', '369d48d2-6616-400e-a3ff-09df55339761');
INSERT INTO estudiantes VALUES (76, 'Alize', 'Muñiz', 'AlizeMunizAguayo@cuvox.de', '1942-11-09', 'ducimusidoptio.png', '0b91a3b7-d050-4548-b784-5850faae510c');
INSERT INTO estudiantes VALUES (77, 'Canan', 'Godínez', 'CananGodinezPrieto@teleworm.us', '1987-11-03', 'velitmagnamsed.png', 'e4169411-00f5-4d10-82f1-e79fd182121f');
INSERT INTO estudiantes VALUES (78, 'Anaxagoras', 'Griego', 'AnaxagorasGriegoJimenez@fleckens.hu', '1950-02-14', 'beataedoloreos.png', 'bdafeb60-8c86-4f12-a43b-78d34862ecc5');
INSERT INTO estudiantes VALUES (79, 'Neiber', 'Casárez', 'NeiberCasarezValle@rhyta.com', '1967-06-25', NULL, NULL);
INSERT INTO estudiantes VALUES (80, 'Maricruz', 'Mayonga', 'MaricruzMayongaPichardo@cuvox.de', '2003-05-27', 'etautnihil.png', '40163be6-e50d-4031-9282-ae1729503653');
INSERT INTO estudiantes VALUES (81, 'Iona', 'Arévalo', 'IonaArevaloAcuna@rhyta.com', '1950-01-31', 'quoexercitationemaut.png', NULL);
INSERT INTO estudiantes VALUES (82, 'Antígona', 'Roybal', 'AntigonaRoybalBenavides@cuvox.de', '1988-11-23', 'pariaturenimamet.png', '6facb2c4-c034-4080-bf69-c02e3419dfab');
INSERT INTO estudiantes VALUES (83, 'Ademar', 'Domínquez', 'AdemarDominquezGarica@dayrep.com', '1971-09-06', 'modioccaecatiexpedita.png', '373d51cc-6f35-482c-a20a-29cb306c9065');
INSERT INTO estudiantes VALUES (84, 'Leocadio', 'Ordóñez', 'LeocadioOrdonezBarreto@gustr.com', '1966-09-14', NULL, 'cae55a2f-86d6-49c8-af6e-5d020f553d75');
INSERT INTO estudiantes VALUES (85, 'Elvisa', 'Figueroa', 'ElvisaFigueroaMojica@dayrep.com', '1938-03-23', 'voluptatemperferendisodio.png', 'd33f3a1d-d0c5-42b9-baf4-c1e923d5a073');
INSERT INTO estudiantes VALUES (86, 'Haide', 'Laboy', 'HaideLaboyAlvarado@cuvox.de', '1984-09-17', 'voluptasanimiipsum.png', '06ba037f-a572-4e5b-87fa-3d739123307a');
INSERT INTO estudiantes VALUES (87, 'Atilano', 'Olivares', 'AtilanoOlivaresCorrales@teleworm.us', '1969-10-09', 'etcupiditatedignissimos.png', '1e478089-b007-4ced-bbee-520bb2a96946');
INSERT INTO estudiantes VALUES (88, 'Astrea', 'Guerra', 'AstreaGuerraVilla@armyspy.com', '1940-02-15', 'autharumomnis.png', '5e957006-b011-4f31-9688-502f740356e7');
INSERT INTO estudiantes VALUES (89, 'Leiza', 'Haro', 'LeizaHaroBaez@fleckens.hu', '1982-04-19', NULL, '86369801-919d-405d-9d31-332dca4b3278');
INSERT INTO estudiantes VALUES (90, 'Diógenes', 'Galván', 'DiogenesGalvanBarrientos@teleworm.us', '1939-04-14', 'vitaeaspernaturvoluptatem.png', NULL);
INSERT INTO estudiantes VALUES (91, 'Fulco', 'Sauceda', 'FulcoSaucedaPedraza@jourrapide.com', '1972-02-07', NULL, 'b3a1b39b-5f6c-498a-934b-1c24f1ee82d7');
INSERT INTO estudiantes VALUES (92, 'Naida', 'Árias', 'NaidaAriasJimenez@superrito.com', '1995-06-05', NULL, 'a574c171-a6c6-4836-a126-c5d25f05a72a');
INSERT INTO estudiantes VALUES (93, 'Hans', 'Tejeda', 'HansTejedaPuga@einrot.com', '1953-12-01', 'modiculpanon.png', '92bfd0f3-7d4d-4c7b-ac68-c212df388470');
INSERT INTO estudiantes VALUES (94, 'Jazmín', 'Pantoja', 'JazminPantojaMarroquin@gustr.com', '1993-05-30', 'consequunturetautem.png', '3a7a8a67-172e-4def-b76b-af0d6b29846c');
INSERT INTO estudiantes VALUES (95, 'Aleksander', 'Cardona', 'AleksanderCardonaMiramontes@cuvox.de', '1991-02-02', 'natusaspernaturet.png', 'c7dc84a1-7fcb-4a10-96a0-9e59739a9ed5');
INSERT INTO estudiantes VALUES (96, 'Porcia', 'Lugo', 'PorciaLugoMontez@gustr.com', '1958-06-05', NULL, '8e9e1b95-04a1-4e60-b786-ed6244e13fb2');
INSERT INTO estudiantes VALUES (97, 'Lucho', 'Partida', 'LuchoPartidaDuarte@dayrep.com', '1971-08-23', 'laborumliberosint.png', 'ab712139-a8be-4da9-8adf-3a2dedda1308');
INSERT INTO estudiantes VALUES (98, 'Josefina', 'Saenz', 'JosefinaSaenzJiminez@teleworm.us', '1976-12-30', 'eteaut.png', NULL);
INSERT INTO estudiantes VALUES (99, 'Carol', 'Cruz', 'CarolCruzArredondo@cuvox.de', '1981-04-28', NULL, NULL);
INSERT INTO estudiantes VALUES (100, 'Maximiliana', 'Vigil', 'MaximilianaVigilJasso@gustr.com', '1979-02-07', 'voluptasquaerateveniet.png', 'ec77a6f0-176e-4f09-9cc5-a5e84539f302');


--
-- TOC entry 3331 (class 0 OID 17352)
-- Dependencies: 212
-- Data for Name: solicitudes; Type: TABLE DATA; Schema: public; Owner: -
--

INSERT INTO solicitudes VALUES ('B30766620', 72, current_date - ('2024-02-24'::date - '2024-01-06'::date), NULL);
INSERT INTO solicitudes VALUES ('B30850002', 42, current_date - ('2024-02-24'::date - '2024-01-08'::date), NULL);
INSERT INTO solicitudes VALUES ('B73422180', 67, current_date - ('2024-02-24'::date - '2024-01-09'::date), NULL);
INSERT INTO solicitudes VALUES ('B86438140', 15, current_date - ('2024-02-24'::date - '2024-02-25'::date), NULL);
INSERT INTO solicitudes VALUES ('B30352785', 87, current_date - ('2024-02-24'::date - '2024-02-04'::date), NULL);
INSERT INTO solicitudes VALUES ('B73523623', 2, current_date - ('2024-02-24'::date - '2024-02-05'::date), NULL);
INSERT INTO solicitudes VALUES ('B30542849', 68, current_date - ('2024-02-24'::date - '2024-02-10'::date), NULL);
INSERT INTO solicitudes VALUES ('A78851961', 11, current_date - ('2024-02-24'::date - '2024-02-16'::date), NULL);
INSERT INTO solicitudes VALUES ('B73966277', 97, current_date - ('2024-02-24'::date - '2024-01-12'::date), NULL);
INSERT INTO solicitudes VALUES ('B83700534', 7, current_date - ('2024-02-24'::date - '2024-01-11'::date), NULL);
INSERT INTO solicitudes VALUES ('A97929566', 37, current_date - ('2024-02-24'::date - '2023-12-03'::date), NULL);
INSERT INTO solicitudes VALUES ('B73344020', 56, current_date - ('2024-02-24'::date - '2024-02-22'::date), NULL);
INSERT INTO solicitudes VALUES ('B73320715', 46, current_date - ('2024-02-24'::date - '2023-12-27'::date), NULL);
INSERT INTO solicitudes VALUES ('B73856452', 26, current_date - ('2024-02-24'::date - '2024-02-09'::date), NULL);
INSERT INTO solicitudes VALUES ('B30727812', 8, current_date - ('2024-02-24'::date - '2024-01-11'::date), NULL);
INSERT INTO solicitudes VALUES ('B73088700', 72, current_date - ('2024-02-24'::date - '2024-01-21'::date), NULL);
INSERT INTO solicitudes VALUES ('B73816589', 13, current_date - ('2024-02-24'::date - '2023-12-16'::date), NULL);
INSERT INTO solicitudes VALUES ('B30878177', 24, current_date - ('2024-02-24'::date - '2023-11-27'::date), NULL);
INSERT INTO solicitudes VALUES ('B30562425', 55, current_date - ('2024-02-24'::date - '2023-12-31'::date), NULL);
INSERT INTO solicitudes VALUES ('B73845893', 36, current_date - ('2024-02-24'::date - '2024-02-22'::date), NULL);
INSERT INTO solicitudes VALUES ('B30218531', 93, current_date - ('2024-02-24'::date - '2024-01-03'::date), NULL);
INSERT INTO solicitudes VALUES ('A82018474', 72, current_date - ('2024-02-24'::date - '2024-01-22'::date), NULL);
INSERT INTO solicitudes VALUES ('B30878177', 63, current_date - ('2024-02-24'::date - '2023-12-28'::date), current_date - ('2024-02-24'::date - '2023-12-28'::date));
INSERT INTO solicitudes VALUES ('B30566897', 33, current_date - ('2024-02-24'::date - '2024-01-25'::date), current_date - ('2024-02-24'::date - '2024-02-24'::date));
INSERT INTO solicitudes VALUES ('B73493850', 7, current_date - ('2024-02-24'::date - '2024-01-05'::date), current_date - ('2024-02-24'::date - '2024-02-14'::date));
INSERT INTO solicitudes VALUES ('A28599033', 59, current_date - ('2024-02-24'::date - '2024-01-09'::date), current_date - ('2024-02-24'::date - '2024-01-20'::date));
INSERT INTO solicitudes VALUES ('B73753790', 37, current_date - ('2024-02-24'::date - '2023-11-23'::date), current_date - ('2024-02-24'::date - '2023-12-18'::date));
INSERT INTO solicitudes VALUES ('B73923088', 5, current_date - ('2024-02-24'::date - '2024-01-01'::date), current_date - ('2024-02-24'::date - '2024-01-01'::date));
INSERT INTO solicitudes VALUES ('B73811424', 60, current_date - ('2024-02-24'::date - '2023-12-14'::date), current_date - ('2024-02-24'::date - '2024-01-21'::date));
INSERT INTO solicitudes VALUES ('B05509641', 5, current_date - ('2024-02-24'::date - '2023-11-28'::date), current_date - ('2024-02-24'::date - '2024-01-12'::date));
INSERT INTO solicitudes VALUES ('B73898108', 85, current_date - ('2024-02-24'::date - '2024-01-17'::date), current_date - ('2024-02-24'::date - '2024-02-21'::date));
INSERT INTO solicitudes VALUES ('B42655126', 66, current_date - ('2024-02-24'::date - '2023-12-14'::date), current_date - ('2024-02-24'::date - '2024-01-23'::date));
INSERT INTO solicitudes VALUES ('A28171288', 4, current_date - ('2024-02-24'::date - '2024-02-17'::date), current_date - ('2024-02-24'::date - '2024-02-17'::date));
INSERT INTO solicitudes VALUES ('B73373862', 56, current_date - ('2024-02-24'::date - '2024-01-03'::date), current_date - ('2024-02-24'::date - '2024-02-21'::date));
INSERT INTO solicitudes VALUES ('B73988503', 73, current_date - ('2024-02-24'::date - '2024-02-06'::date), current_date - ('2024-02-24'::date - '2024-02-22'::date));
INSERT INTO solicitudes VALUES ('B73241473', 84, current_date - ('2024-02-24'::date - '2023-12-21'::date), current_date - ('2024-02-24'::date - '2024-01-14'::date));
INSERT INTO solicitudes VALUES ('B30120794', 89, current_date - ('2024-02-24'::date - '2024-02-08'::date), current_date - ('2024-02-24'::date - '2024-02-22'::date));
INSERT INTO solicitudes VALUES ('B59843920', 28, current_date - ('2024-02-24'::date - '2023-11-20'::date), current_date - ('2024-02-24'::date - '2023-12-23'::date));
INSERT INTO solicitudes VALUES ('B30424857', 28, current_date - ('2024-02-24'::date - '2024-02-08'::date), current_date - ('2024-02-24'::date - '2024-02-17'::date));
INSERT INTO solicitudes VALUES ('B05509641', 70, current_date - ('2024-02-24'::date - '2023-12-28'::date), current_date - ('2024-02-24'::date - '2023-12-30'::date));
INSERT INTO solicitudes VALUES ('B95087482', 22, current_date - ('2024-02-24'::date - '2024-01-21'::date), current_date - ('2024-02-24'::date - '2024-02-14'::date));
INSERT INTO solicitudes VALUES ('B30766620', 4, current_date - ('2024-02-24'::date - '2023-12-01'::date), current_date - ('2024-02-24'::date - '2024-02-20'::date));
INSERT INTO solicitudes VALUES ('A79365821', 90, current_date - ('2024-02-24'::date - '2023-12-02'::date), current_date - ('2024-02-24'::date - '2024-01-10'::date));
INSERT INTO solicitudes VALUES ('B86438140', 55, current_date - ('2024-02-24'::date - '2023-11-18'::date), current_date - ('2024-02-24'::date - '2024-01-28'::date));
INSERT INTO solicitudes VALUES ('B73449290', 27, current_date - ('2024-02-24'::date - '2023-12-22'::date), current_date - ('2024-02-24'::date - '2024-02-13'::date));
INSERT INTO solicitudes VALUES ('B73351520', 93, current_date - ('2024-02-24'::date - '2023-12-24'::date), current_date - ('2024-02-24'::date - '2024-01-16'::date));
INSERT INTO solicitudes VALUES ('B73615650', 24, current_date - ('2024-02-24'::date - '2024-01-08'::date), current_date - ('2024-02-24'::date - '2024-02-12'::date));
INSERT INTO solicitudes VALUES ('B73340291', 44, current_date - ('2024-02-24'::date - '2024-02-14'::date), current_date - ('2024-02-24'::date - '2024-02-24'::date));
INSERT INTO solicitudes VALUES ('B30424857', 60, current_date - ('2024-02-24'::date - '2023-12-13'::date), current_date - ('2024-02-24'::date - '2023-12-31'::date));


ALTER TABLE ONLY cnae
    ADD CONSTRAINT cnae_pk PRIMARY KEY (cod_cnae2009);


ALTER TABLE ONLY empresas
    ADD CONSTRAINT empresas_pk PRIMARY KEY (nif);


ALTER TABLE ONLY estudiantes
    ADD CONSTRAINT estudiantes_pk PRIMARY KEY (id);


ALTER TABLE ONLY solicitudes
    ADD CONSTRAINT solicitudes_pk PRIMARY KEY (empresa, estudiante);


ALTER TABLE ONLY empresas
    ADD CONSTRAINT empresas_fk FOREIGN KEY (actividad_ppal) REFERENCES cnae(cod_cnae2009);


ALTER TABLE ONLY solicitudes
    ADD CONSTRAINT solicitudes_empresas_fk FOREIGN KEY (empresa) REFERENCES empresas(nif);


ALTER TABLE ONLY solicitudes
    ADD CONSTRAINT solicitudes_estudiantes_fk FOREIGN KEY (estudiante) REFERENCES estudiantes(id);


